Gene_POSITION,ID_POSITION,p,RO_mean,sig_mean
IGHV6-1_R65,A0A0B4J1U7_R65,0.253356848,1.390608732,ns
IGHV3-15_R69,A0A0B4J1V0_R69,0.814738244,1.130934372,ns
IGHV3-74_R86,A0A0B4J1X5_R86,0.944720234,1.022307107,ns
IGHV3-74_R106,A0A0B4J1X5_R106,0.072380804,1.790090564,ns
IGHV2-70D_R87,A0A0C4DH43_R87,0.575698514,1.090312774,ns
UBA6_R116,A0AVT1_R116,0.554002887,1.311580229,ns
CCDC154_R268,A6NI56_R268,0.91773709,1.037245817,ns
PCNXL2_R2012,A6NKB5_R2012,0.994921111,0.999332387,ns
COL6A6_R559,A6NMZ7_R559,0.348421605,1.239647165,ns
SRRM5_R159,B3KS81_R159,0.290048944,0.698231278,ns
SLC35A4_R99,L0R6Q1_R99,0.284572668,1.432262605,ns
AGPS_R503,O00116_R503,0.263717354,1.67287311,ns
MYO1C_R532,O00159_R532,0.184928023,1.136209925,ns
MYO1C_R132,O00159_R132,0.836907767,0.920332972,ns
MYO1C_R596,O00159_R596,0.233184367,1.411714037,ns
STXBP3_R8,O00186_R8,0.915789361,1.020810052,ns
AP3B1_R167,O00203_R167,0.977877547,0.987933706,ns
PSMD11_R310,O00231_R310,0.811182695,0.960155948,ns
PSMD11_R297,O00231_R297,0.190168354,1.693489594,ns
PSMD11_R33,O00231_R33,0.337955674,0.581861904,ns
PGRMC1_R70,O00264_R70,0.944433565,1.044729632,ns
CLIC1_R51,O00299_R51,0.412969948,0.040326442,ns
AGRN_R1416,O00468_R1416,0.247474544,0.744857024,ns
PLOD2_R411,O00469_R411,0.446904413,1.212242877,ns
NDUFA4_R3,O00483_R3,0.473589919,2.243822171,ns
BIN1_R60,O00499_R60,0.367741388,0.81071075,ns
NOP56_R337,O00567_R337,0.116053726,1.658638196,ns
RSET2_R137,O00584_R137,0.174202239,1.530240163,ns
PPAP2B_R292,O14495_R292,0.919116328,0.90355955,ns
COPE_R48,O14579_R48,0.273690188,0.283452951,ns
AP3D1_R393,O14617_R393,0.605667999,0.773034973,ns
EI24_R32,O14681_R32,0.415026351,1.211223065,ns
CDIPT_R209,O14735_R209,0.129200886,2.632813645,ns
PSMA7_R163,O14818_R163,0.146024313,1.513568414,ns
PSMA7_R57,O14818_R57,0.324069912,0.697878733,ns
PSMA7_R169,O14818_R169,0.879745774,0.952130561,ns
PSMA7_R124,O14818_R124,0.334365731,1.133515162,ns
CASK_R225,O14936_R225,0.72038484,1.226238771,ns
UQCR11_R4,O14957_R4,0.174497737,1.341046294,ns
CASQ2_R33,O14958_R33,0.716505344,0.817502424,ns
HGS_R504,O14964_R504,0.502375105,0.860059641,ns
KDM6B_R707,O15054_R707,0.911889753,1.138946837,ns
SCAMP1_R96,O15126_R96,0.145622306,0.585082666,ns
ARPC1B_R179,O15143_R179,0.41807945,1.407243154,ns
ARPC2_R118,O15144_R118,0.839982291,1.099784002,ns
ARPC2_R279,O15144_R279,0.958837031,0.98177949,ns
ARPC3_R34,O15145_R34,0.886698139,0.963256823,ns
ARPC3_R143,O15145_R143,0.786974035,0.873429004,ns
LAMA5_R2404,O15230_R2404,0.687009554,0.809534893,ns
SURF4_R149,O15260_R149,0.712598258,0.88306756,ns
EIF3D_R417,O15371_R417,0.624700279,0.737777617,ns
BCAT2_R116,O15382_R116,0.15902583,1.338949513,ns
DHX15_R782,O43143_R782,0.362186152,0.880796709,ns
TPD52L2_R170,O43399_R170,0.184185321,1.246630925,ns
EPB41L2_R953,O43491_R953,0.179416579,0.686373872,ns
DNPH1_R36,O43598_R36,0.804757187,0.934652597,ns
ACTN4_R280,O43707_R280,0.280075057,1.384456463,ns
ACTN4_R596,O43707_R596,0.051026682,3.276289705,ns
ACTN4_R175,O43707_R175,0.697221754,0.758393962,ns
ACTN4_R439,O43707_R439,0.406325274,0.792849459,ns
ACTN4_R868,O43707_R868,0.484851932,0.802162355,ns
ACTN4_R582,O43707_R582,0.113209677,1.94076485,ns
AP1G1_R154,O43747_R154,0.007825974,0.688375532,down
SLC25A20_R203,O43772_R203,0.975708471,1.009224099,ns
SLC25A20_R236,O43772_R236,0.493660226,1.187980636,ns
RS_R54,O43776_R54,0.143445386,1.58556362,ns
CALU_R241,O43852_R241,0.705936186,0.941060674,ns
OPA1_R824,O60313_R824,0.855008629,0.90999471,ns
SYNCRIP_R420,O60506_R420,0.604185615,1.182226305,ns
GMDS_R308,O60547_R308,0.341034756,1.463090412,ns
DIAPH1_R1049,O60610_R1049,0.216070991,1.308050577,ns
SELENOF_R117,O60613_R117,0.331547888,2.22168024,ns
TSPAN3_R117,O60637_R117,0.278517491,2.365218102,ns
PLIN3_R363,O60664_R363,0.280841726,0.734498011,ns
UGDH_R65,O60701_R65,0.477171062,1.190837786,ns
UGDH_R177,O60701_R177,0.529302519,1.427614445,ns
SNX2_R451,O60749_R451,0.310486052,1.255462937,ns
SNX2_R462,O60749_R462,0.373497296,1.301149448,ns
DPM1_R147,O60762_R147,0.324658774,1.318586371,ns
WDR1_R83,O75083_R83,0.529642413,1.24897819,ns
WDR1_R17,O75083_R17,0.577005519,1.331433179,ns
NDUFS7_R59,O75251_R59,0.412139724,1.381184609,ns
NDUFS7_R50,O75251_R50,0.900193489,0.945815054,ns
GBAS_R245,O75323_R245,0.95531101,0.973674819,ns
H2AFY_R27,O75367_R27,0.26307111,1.438168548,ns
FLNB_R36,O75369_R36,0.899245413,1.079149153,ns
FLNB_R754,O75369_R754,0.730717374,1.244280196,ns
CS_R52,O75390_R52,0.784121362,1.075466957,ns
SNRNP200_R483,O75643_R483,0.578017874,1.114794897,ns
SNRNP200_R603,O75643_R603,0.211176881,1.255626086,ns
RP2_R279,O75695_R279,0.947441869,0.972330162,ns
SLC25A12_R243,O75746_R243,0.683929976,1.117897984,ns
CBR3_R74,O75828_R74,0.602578726,1.090934313,ns
PSMD10_R35,O75832_R35,0.269303127,0.745964598,ns
ZMPSTE24_R68,O75844_R68,0.903070879,1.050415113,ns
ATP5H_R111,O75947_R111,0.634406249,1.935662881,ns
TOMM70A_R71,O94826_R71,0.406874409,1.288130765,ns
MYO1D_R190,O94832_R190,0.190664928,2.147982742,ns
ENDOD1_R309,O94919_R309,0.187005012,1.32586924,ns
GLS_R169,O94925_R169,0.100955166,1.68047559,ns
SEC31A_R486,O94979_R486,0.686568984,1.326461884,ns
NDUFA7_R27,O95182_R27,0.200454473,0.801630257,ns
STBD1_R333,O95210_R333,0.275968627,1.199992673,ns
VAPB_R38,O95292_R38,0.884105002,0.939829129,ns
MPZL1_R106,O95297_R106,0.34391618,1.687197856,ns
ATG7_R420,O95352_R420,0.387876592,1.20404081,ns
AHSA1_R198,O95433_R198,0.86529315,1.025791648,ns
H6PD_R509,O95479_R509,0.809416539,1.17830255,ns
ACSL3_R558,O95573_R558,0.87461876,0.979393245,ns
PEX11B_R113,O96011_R113,0.580070839,0.893269903,ns
ACTL6A_R164,O96019_R164,0.765767002,0.958458914,ns
LDHA_R106,P00338_R106,0.920836155,0.950246939,ns
LDHA_R315,P00338_R315,0.601700096,0.762675,ns
LDHA_R99,P00338_R99,0.744730312,0.887797199,ns
GLUD1_R395,P00367_R395,0.325956829,1.359240371,ns
CYB5R3_R219,P00387_R219,0.024272128,1.54195976,up
CYB5R3_R46,P00387_R46,0.649215695,0.792180035,ns
CYB5R3_R170,P00387_R170,0.969851713,0.985075339,ns
SOD1_R144,P00441_R144,0.391283336,1.624183926,ns
CP_R436,P00450_R436,0.52859968,1.289000088,ns
CP_R793,P00450_R793,0.144884829,1.138490363,ns
F13A1_R253,P00488_R253,0.98348887,1.008516955,ns
F13A1_R617,P00488_R617,0.404694262,1.57404943,ns
F13A1_R144,P00488_R144,0.630057789,1.291683999,ns
PNP_R76,P00491_R76,0.926945021,1.020685297,ns
GOT2_R325,P00505_R325,0.904733467,1.081474874,ns
EGFR_R748,P00533_R748,0.788308132,1.213320581,ns
AK1_R53,P00568_R53,0.914108616,0.948679277,ns
F2_R500,P00734_R500,0.815977757,0.929907382,ns
C1R_R301,P00736_R301,0.067469325,1.98035144,ns
HP_R59,P00738_R59,0.953097805,1.043298076,ns
HP_R118,P00738_R118,0.899697912,1.031301231,ns
PLG_R112,P00747_R112,0.208273202,1.478934543,ns
PLG_R325,P00747_R325,0.51024576,3.766132633,ns
ASS1_R157,P00966_R157,0.41040229,1.843894251,ns
SERPINC1_R267,P01008_R267,0.19525771,2.732721343,ns
SERPINC1_R177,P01008_R177,0.314714267,0.730739115,ns
SERPINC1_R431,P01008_R431,0.825727948,1.09243134,ns
A2M_R853,P01023_R853,0.067169356,2.388443268,ns
A2M_R345,P01023_R345,0.134185156,1.386503816,ns
C3_R855,P01024_R855,0.809875067,1.131868396,ns
C3_R1219,P01024_R1219,0.954411849,0.978449624,ns
C3_R1427,P01024_R1427,0.799235913,1.093093008,ns
C3_R1042,P01024_R1042,0.756265414,1.141527944,ns
C3_R573,P01024_R573,0.451985217,2.372827852,ns
IGLV1-51_R74,P01701_R74,0.439735445,1.295958148,ns
IGLV2-11_R75,P01706_R75,0.850646162,0.942558066,ns
IGHV2-5_R87,P01817_R87,0.640820621,1.4082167,ns
IGKC_R104,P01834_R104,0.117105564,1.533511071,ns
IGKC_R35,P01834_R35,0.219135871,2.922080142,ns
IGHG2_R16,P01859_R16,0.928150392,0.981085063,ns
IGHG3_R128,P01860_R128,0.223140755,1.451274987,ns
IGHM_R320,P01871_R320,0.837184577,0.910186782,ns
IGHM_R427,P01871_R427,0.483732514,2.668172712,ns
HLA-A_R205,P01892_R205,0.617262954,1.305399645,ns
HLA-DRA_R171,P01903_R171,0.801068126,1.124330397,ns
HLA-DQA1_R249,P01909_R249,0.325824222,1.257053697,ns
HBD_R105,P02042_R105,0.720349725,0.858943661,ns
MB_R140,P02144_R140,0.368957907,0.417411802,ns
MB_R32,P02144_R32,0.445750926,1.591214593,ns
COL1A1_R745,P02452_R745,0.800926452,0.883983977,ns
COL1A1_R910,P02452_R910,0.803627922,1.099657066,ns
CRYAB_R157,P02511_R157,0.765885515,1.078164856,ns
LM_R527,P02545_R527,0.215334919,0.697669893,ns
LM_R349,P02545_R349,0.179304909,1.627227531,ns
LM_R48,P02545_R48,0.916633828,1.03713334,ns
LM_R275,P02545_R275,0.894146493,1.107412121,ns
LM_R189,P02545_R189,0.887886817,0.972060006,ns
LM_R235,P02545_R235,0.708297966,1.164307123,ns
LM_R156,P02545_R156,0.660375807,0.825841717,ns
LM_R60,P02545_R60,0.952487066,0.971024192,ns
LM_R453,P02545_R453,0.982994221,1.024515611,ns
LM_R72,P02545_R72,0.359352535,0.568457006,ns
LM_R28,P02545_R28,0.595979774,0.765415813,ns
LM_R435,P02545_R435,0.209302659,0.352484303,ns
LM_R321,P02545_R321,0.504962343,1.185801018,ns
LM_R216,P02545_R216,0.539406586,1.244455444,ns
LM_R471,P02545_R471,0.4186377,1.295899005,ns
APOA1_R201,P02647_R201,0.315059332,1.438575307,ns
APOA1_R140,P02647_R140,0.014176653,2.243856812,up
APOA1_R155,P02647_R155,0.751737621,1.142427316,ns
APOE_R190,P02649_R190,0.516743156,0.647427627,ns
APOE_R168,P02649_R168,0.280004596,0.434620916,ns
APOE_R278,P02649_R278,0.073123861,0.737174806,ns
FGA_R216,P02671_R216,0.51859083,1.247716242,ns
FGA_R123,P02671_R123,0.433405697,8.288164978,ns
FGA_R160,P02671_R160,0.81956877,1.196715164,ns
FGA_R186,P02671_R186,0.737954171,0.800526328,ns
FGA_R137,P02671_R137,0.423044916,1.299550939,ns
FGA_R459,P02671_R459,0.188940401,2.35122131,ns
FGA_R38,P02671_R38,0.919902339,1.040686049,ns
FGB_R246,P02675_R246,0.321765688,2.178773608,ns
FGB_R485,P02675_R485,0.774529805,0.888764747,ns
FGB_R294,P02675_R294,0.356307194,1.537309433,ns
FGB_R53,P02675_R53,0.101934547,1.480080271,ns
FGB_R206,P02675_R206,0.439432198,1.386766281,ns
FGB_R421,P02675_R421,0.767129687,0.830939909,ns
FGG_R282,P02679_R282,0.722771373,1.380077947,ns
APOH_R279,P02749_R279,0.672193944,0.682991156,ns
APOH_R201,P02749_R201,0.618908263,1.98468051,ns
APOH_R58,P02749_R58,0.710742361,0.840468104,ns
APOH_R96,P02749_R96,0.547918104,2.031088174,ns
FN1_R1929,P02751_R1929,0.353627584,1.607814614,ns
FN1_R1162,P02751_R1162,0.051219467,2.32780208,ns
FN1_R1405,P02751_R1405,0.220352956,1.272005178,ns
FN1_R265,P02751_R265,0.176239517,1.424508738,ns
FN1_R1891,P02751_R1891,0.910210075,1.020538928,ns
FN1_R1988,P02751_R1988,0.36422342,4.083189434,ns
FN1_R833,P02751_R833,0.203928856,1.339072477,ns
FN1_R130,P02751_R130,0.814976356,1.061604648,ns
FN1_R230,P02751_R230,0.455823622,1.490178855,ns
FN1_R653,P02751_R653,0.697709661,1.182126301,ns
FN1_R1040,P02751_R1040,0.884577779,1.065462694,ns
FN1_R1910,P02751_R1910,0.335153754,1.394920667,ns
FN1_R1859,P02751_R1859,0.232511477,1.442297033,ns
FN1_R241,P02751_R241,0.537439519,1.311971564,ns
AMBP_R153,P02760_R153,0.541256035,1.203259727,ns
GC_R232,P02774_R232,0.653070169,0.913801637,ns
TF_R682,P02787_R682,0.88240201,0.833795392,ns
TF_R42,P02787_R42,0.95125669,1.05625093,ns
TF_R132,P02787_R132,0.668124129,0.736248618,ns
TF_R541,P02787_R541,0.399662509,0.32613572,ns
TF_R475,P02787_R475,0.401459556,0.71493175,ns
HPX_R89,P02790_R89,0.919526466,1.075099934,ns
HPX_R213,P02790_R213,0.19946206,1.967138652,ns
HPX_R83,P02790_R83,0.704751093,1.1715509,ns
FTL_R65,P02792_R65,0.678718287,1.163517027,ns
VTN_R270,P04004_R270,0.363544871,0.686130985,ns
ALDOA_R331,P04075_R331,0.375164077,1.716809311,ns
ALDOA_R92,P04075_R92,0.534896019,0.590734002,ns
ALDOA_R43,P04075_R43,0.358372533,0.692369672,ns
ANXA1_R292,P04083_R292,0.114488605,3.735155232,ns
ANXA1_R188,P04083_R188,0.641597168,1.28692635,ns
ANXA1_R228,P04083_R228,0.602925566,0.737058862,ns
ANXA1_R303,P04083_R303,0.262114525,1.293479317,ns
ANXA1_R124,P04083_R124,0.711141053,1.372954221,ns
APOB_R1815,P04114_R1815,0.335872313,1.933465619,ns
SOD2_R197,P04179_R197,0.501589581,1.221573341,ns
GAPDH_R200,P04406_R200,0.236156574,0.551549858,ns
RPN1_R180,P04843_R180,0.716323319,0.921134593,ns
RPN1_R507,P04843_R507,0.376189682,1.504215588,ns
RPN1_R571,P04843_R571,0.875582494,1.051705884,ns
RPN1_R111,P04843_R111,0.668546322,0.858241371,ns
RPN1_R174,P04843_R174,0.244714949,1.717019953,ns
RPN1_R101,P04843_R101,0.926125308,1.060179964,ns
RPN2_R468,P04844_R468,0.349282104,1.536891856,ns
GI2_R15,P04899_R15,0.72842154,1.098415084,ns
ATP1A1_R834,P05023_R834,0.906645645,1.041421362,ns
ATP1B1_R91,P05026_R91,0.307560963,0.752876419,ns
APOD_R60,P05090_R60,0.222289122,1.165807033,ns
ITGB2_R285,P05107_R285,0.079822556,1.470333821,ns
ITGB2_R188,P05107_R188,0.55979504,1.200305773,ns
SLC25A5_R263,P05141_R263,0.217240941,1.849886009,ns
ICAM1_R513,P05362_R513,0.551761318,0.47237598,ns
RPLP0_R66,P05388_R66,0.365950545,0.617746383,ns
SSB_R111,P05455_R111,0.448680448,0.793953739,ns
ITGB1_R84,P05556_R84,0.056526209,1.507684811,ns
MYL1_R92,P05976_R92,0.676130721,1.10491714,ns
PTMA_R31,P06454_R31,0.916269394,0.93446242,ns
ATP5B_R458,P06576_R458,0.801405116,1.049996547,ns
ATP5B_R121,P06576_R121,0.689250873,0.782364123,ns
APOA4_R279,P06727_R279,0.17214292,2.069921422,ns
CKM_R151,P06732_R151,0.865354709,1.13748493,ns
CKM_R252,P06732_R252,0.003671667,1.31286532,up
ENO1_R429,P06733_R429,0.13001502,1.480311433,ns
GPI_R446,P06744_R446,0.016799001,0.775287202,down
NPM1_R142,P06748_R142,0.769036354,1.146872021,ns
NPM1_R197,P06748_R197,0.887375369,1.061127737,ns
TPM3_R91,P06753_R91,0.220590398,1.789761435,ns
TPM3_R161,P06753_R161,0.646670642,1.238075408,ns
TPM3_R36,P06753_R36,0.196572951,0.405768932,ns
TPM3_R183,P06753_R183,0.035132643,1.41664993,up
TPM3_R134,P06753_R134,0.750306821,0.748596614,ns
ITGAV_R409,P06756_R409,0.06403553,0.82492707,ns
P4HB_R213,P07237_R213,0.860657712,0.924416348,ns
P4HB_R106,P07237_R106,0.976232935,1.022737903,ns
P4HB_R461,P07237_R461,0.146994738,0.452581381,ns
P4HB_R78,P07237_R78,0.953536407,0.953230576,ns
H1F0_R94,P07305_R94,0.830803014,0.906497577,ns
ANXA2_R37,P07355_R37,0.817844539,0.916273984,ns
ANXA2_R68,P07355_R68,0.911367986,0.923648035,ns
ANXA2_R295,P07355_R295,0.585000511,0.694638628,ns
ANXA2_R78,P07355_R78,0.459315574,0.752241174,ns
ANXA2_R245,P07355_R245,0.820848558,0.876820607,ns
ANXA2_R145,P07355_R145,0.389276869,1.377774986,ns
TUBB_R359,P07437_R359,0.763095897,1.099029454,ns
TUBB_R251,P07437_R251,0.685109065,1.517578134,ns
CA3_R80,P07451_R80,0.932833302,1.024045068,ns
CA3_R67,P07451_R67,0.798504729,1.072909416,ns
DCN_R156,P07585_R156,0.902851101,1.076030112,ns
PSAP_R421,P07602_R421,0.782054566,1.14478219,ns
EPRS_R1346,P07814_R1346,0.604652431,1.230539752,ns
HSP90AA1_R182,P07900_R182,0.231548971,0.217733286,ns
HSP90AA1_R512,P07900_R512,0.300878263,1.704993565,ns
HNRNPC_R180,P07910_R180,0.334224541,2.145527594,ns
HNRNPC_R12,P07910_R12,0.57500736,1.290558493,ns
FH_R101,P07954_R101,0.264048229,1.710924694,ns
ANXA6_R270,P08133_R270,0.676235999,1.189876937,ns
ANXA6_R55,P08133_R55,0.309143324,1.704802675,ns
ANXA6_R624,P08133_R624,0.708531816,0.908760435,ns
ANXA6_R358,P08133_R358,0.46890619,1.296600152,ns
CD55_R103,P08174_R103,0.94789069,1.027220722,ns
GUSB_R357,P08236_R357,0.819491955,0.876550372,ns
HSP90AB1_R504,P08238_R504,0.891112987,1.04681054,ns
HSP90AB1_R448,P08238_R448,0.477709962,1.515239354,ns
HSP90AB1_R338,P08238_R338,0.862506748,1.058470482,ns
HSP90AB1_R177,P08238_R177,0.709218494,1.306639942,ns
SOD3_R203,P08294_R203,0.387456984,0.694075671,ns
CTSG_R183,P08311_R183,0.216660853,1.283940069,ns
CTSG_R154,P08311_R154,0.77298987,1.221013615,ns
COL4A2_R1662,P08572_R1662,0.316331446,1.287263959,ns
CFH_R232,P08603_R232,0.694393477,1.134200577,ns
CFH_R582,P08603_R582,0.543627608,0.793276907,ns
CFH_R281,P08603_R281,0.742151833,1.139387207,ns
CFH_R1072,P08603_R1072,0.184094926,0.529039511,ns
CFH_R441,P08603_R441,0.212648549,1.513015225,ns
VIM_R184,P08670_R184,0.231091413,2.461757677,ns
VIM_R207,P08670_R207,0.102534416,0.62400423,ns
VIM_R378,P08670_R378,0.896198152,0.928044153,ns
VIM_R342,P08670_R342,0.835508211,1.264626567,ns
VIM_R23,P08670_R23,0.927988197,1.038163553,ns
VIM_R310,P08670_R310,0.658457848,1.277568889,ns
VIM_R100,P08670_R100,0.910341922,1.086598731,ns
VIM_R28,P08670_R28,0.800807435,1.382295891,ns
VIM_R159,P08670_R159,0.485513355,1.363796351,ns
VIM_R158,P08670_R158,0.804702888,1.063421724,ns
VIM_R175,P08670_R175,0.556554421,1.410902345,ns
RPS17_R33,P08708_R33,0.927140208,0.92946164,ns
RPS17_R78,P08708_R78,0.28059413,1.236726232,ns
ANXA5_R25,P08758_R25,0.154697242,1.203289515,ns
ANXA5_R123,P08758_R123,0.7819173,0.704673724,ns
ANXA5_R201,P08758_R201,0.645591975,1.345207294,ns
ANXA5_R89,P08758_R89,0.871054777,1.043487387,ns
ENO2_R330,P09104_R330,0.053659286,1.768104779,ns
HMGB1_R70,P09429_R70,0.345198632,0.647365132,ns
HMGB1_R163,P09429_R163,0.750114171,0.689701607,ns
GSTM1_R202,P09488_R202,0.524780429,1.819031657,ns
TPM1_R244,P09493_R244,0.222108747,1.35685216,ns
CLTA_R129,P09496_R129,0.727566416,1.05480613,ns
CNP_R224,P09543_R224,0.539489837,0.891220438,ns
CNP_R360,P09543_R360,0.469730592,1.302350342,ns
HNRNPA1_R140,P09651_R140,0.48745774,1.416269353,ns
COX6C_R10,P09669_R10,0.999278651,0.999861745,ns
COX6C_R12,P09669_R12,0.228806581,1.748289012,ns
PARP1_R10,P09874_R10,0.23641004,1.560809115,ns
IFIT1_R415,P09914_R415,0.44887197,0.655944964,ns
ALOX5_R166,P09917_R166,0.568627503,1.445231196,ns
ALOX5_R139,P09917_R139,0.037200301,1.608676618,up
LTA4H_R79,P09960_R79,0.556130742,1.328714105,ns
LTA4H_R187,P09960_R187,0.705698931,1.118889738,ns
C4A_R1055,P0C0L4_R1055,0.700056174,0.856362246,ns
C4A_R1167,P0C0L4_R1167,0.801395744,1.155451174,ns
C4A_R297,P0C0L4_R297,0.470833672,0.771880543,ns
HSPA1B_R416,P0DMV9_R416,0.342345772,1.300665744,ns
IGHV4-61_R86,P0DP08_R86,0.763978469,0.864090838,ns
HIST1H1E_R54,P10412_R54,0.112494992,1.962368148,ns
DLAT_R354,P10515_R354,0.364384166,1.839549475,ns
COX5B_R74,P10606_R74,0.732809877,1.179034369,ns
C7_R687,P10643_R687,0.353048683,1.251043954,ns
PRKAR1A_R342,P10644_R342,0.680580693,1.212730044,ns
PRKAR1A_R228,P10644_R228,0.803497263,0.868203999,ns
HSPD1_R309,P10809_R309,0.825740966,1.107073427,ns
CLU_R130,P10909_R130,0.181873225,0.720275834,ns
CLU_R282,P10909_R282,0.815187044,0.785799866,ns
MYL2_R58,P10916_R58,0.366884666,2.485574446,ns
HSPA5_R283,P11021_R283,0.48317237,1.765606952,ns
HSPA5_R532,P11021_R532,0.025219915,1.862227217,up
HSPA5_R101,P11021_R101,0.57329415,1.47070453,ns
HSPA8_R416,P11142_R416,0.17186705,1.447248804,ns
HSPA8_R155,P11142_R155,0.899261908,1.086903231,ns
DBT_R431,P11182_R431,0.709678279,1.031418125,ns
ITGAM_R838,P11215_R838,0.427807039,1.524634505,ns
ITGAM_R212,P11215_R212,0.347911343,1.181531374,ns
ITGAM_R619,P11215_R619,0.564612364,1.167795225,ns
PYGB_R602,P11216_R602,0.949323545,0.988493988,ns
PYGB_R44,P11216_R44,0.40316113,0.791212997,ns
PYGB_R724,P11216_R724,0.666662721,1.196376053,ns
RALA_R135,P11233_R135,0.987486752,1.004105955,ns
MTHFD1_R827,P11586_R827,0.694135152,1.250211213,ns
ADH5_R115,P11766_R115,0.186350781,1.40860266,ns
PABPC1_R172,P11940_R172,0.239827905,1.663916532,ns
PABPC1_R311,P11940_R311,0.430687205,1.716486891,ns
HARS_R405,P12081_R405,0.649947709,1.117631409,ns
COL6A1_R722,P12109_R722,0.827224037,1.130756373,ns
COL6A1_R74,P12109_R74,0.694619544,1.202209004,ns
COL6A1_R210,P12109_R210,0.197984516,0.786617956,ns
COL6A1_R110,P12109_R110,0.190498792,1.401507044,ns
COL6A1_R731,P12109_R731,0.673485486,1.100144636,ns
COL6A1_R647,P12109_R647,0.848686364,0.843005007,ns
COL6A2_R853,P12110_R853,0.064805311,1.35561408,ns
COL6A2_R713,P12110_R713,0.899866312,0.944803174,ns
COL6A2_R179,P12110_R179,0.822446859,0.905888653,ns
COL6A2_R129,P12110_R129,0.230025618,1.37920991,ns
COL6A2_R933,P12110_R933,0.377938696,0.640924343,ns
COL6A2_R734,P12110_R734,0.795416311,1.239421169,ns
COL6A3_R1970,P12111_R1970,0.98232142,1.006880987,ns
COL6A3_R1461,P12111_R1461,0.273110875,1.631833291,ns
COL6A3_R2287,P12111_R2287,0.936682452,1.02754828,ns
COL6A3_R2265,P12111_R2265,0.128521433,0.537526439,ns
COL6A3_R1464,P12111_R1464,0.265337447,1.697490692,ns
COL6A3_R1321,P12111_R1321,0.664193896,0.843890661,ns
COL6A3_R1652,P12111_R1652,0.408766536,1.699935258,ns
COL6A3_R506,P12111_R506,0.75595809,1.134656962,ns
COL6A3_R1465,P12111_R1465,0.559541979,0.723535513,ns
COL6A3_R1504,P12111_R1504,0.857487875,0.826466644,ns
COL6A3_R1494,P12111_R1494,0.780171774,1.064637813,ns
COL6A3_R1075,P12111_R1075,0.004669911,1.221794078,up
COL6A3_R2459,P12111_R2459,0.808892579,0.87688811,ns
COL6A3_R1064,P12111_R1064,0.6952503,0.830277135,ns
COL6A3_R2040,P12111_R2040,0.96933178,1.008954025,ns
COL6A3_R1303,P12111_R1303,0.933107869,1.020875276,ns
COL6A3_R2202,P12111_R2202,0.238051275,0.563035628,ns
COL6A3_R1600,P12111_R1600,0.183831051,1.223549329,ns
COL6A3_R2545,P12111_R2545,0.988751062,1.012137154,ns
COL6A3_R1580,P12111_R1580,0.211435197,0.643352911,ns
COL6A3_R1507,P12111_R1507,0.294836477,1.328377037,ns
COL6A3_R2521,P12111_R2521,0.271788336,0.730674077,ns
COL6A3_R1779,P12111_R1779,0.200818064,0.426349626,ns
COL6A3_R1066,P12111_R1066,0.025430217,0.782113405,down
COL6A3_R1210,P12111_R1210,0.706268459,1.10058138,ns
COL6A3_R2298,P12111_R2298,0.651432637,1.396945768,ns
SLC25A6_R263,P12236_R263,0.599810239,1.404755247,ns
CKB_R152,P12277_R152,0.975451313,1.005340667,ns
ACTN1_R418,P12814_R418,0.065328056,2.493452608,ns
MYH1_R406,P12882_R406,0.560075805,0.740213706,ns
MYH7_R1093,P12883_R1093,0.920854164,0.96545219,ns
MYH7_R858,P12883_R858,0.467029791,1.182018594,ns
MYH7_R1676,P12883_R1676,0.625867915,1.304800606,ns
MYH7_R1136,P12883_R1136,0.43346818,0.764302608,ns
MYH7_R1050,P12883_R1050,0.539956832,0.819805872,ns
MYH7_R1832,P12883_R1832,0.311609741,1.5070002,ns
MYH7_R567,P12883_R567,0.905668335,1.048714197,ns
MYH7_R1613,P12883_R1613,0.546668249,1.482101064,ns
MYH7_R1277,P12883_R1277,0.824673344,1.152533275,ns
MYH7_R1268,P12883_R1268,0.957322055,0.95184996,ns
MYH7_R1289,P12883_R1289,0.365554433,0.611376155,ns
MYH7_R783,P12883_R783,0.301666898,1.785266857,ns
MYH7_R1880,P12883_R1880,0.273888555,1.501625778,ns
MYH7_R787,P12883_R787,0.339159862,1.652853628,ns
XRCC6_R290,P12956_R290,0.318773608,1.311065887,ns
XRCC6_R115,P12956_R115,0.36067498,2.373213294,ns
XRCC5_R271,P13010_R271,0.502758104,0.821371185,ns
RNH1_R188,P13489_R188,0.840066378,1.049139432,ns
CYBA_R67,P13498_R67,0.383139938,0.644810197,ns
VCAN_R228,P13611_R228,0.751538289,0.886252704,ns
VCAN_R211,P13611_R211,0.690345804,0.896690741,ns
EEF2_R633,P13639_R633,0.667311985,0.758532687,ns
EEF2_R647,P13639_R647,0.100413665,1.557914209,ns
EEF2_R428,P13639_R428,0.291974613,0.611559701,ns
PDIA4_R435,P13667_R435,0.865319977,0.942586626,ns
PDIA4_R331,P13667_R331,0.037172405,2.059938183,up
PDIA4_R262,P13667_R262,0.849659975,0.924069183,ns
PDIA4_R226,P13667_R226,0.315704603,1.647898481,ns
PDIA4_R400,P13667_R400,0.79261543,1.233449836,ns
PDIA4_R594,P13667_R594,0.56493048,1.221230385,ns
ETFA_R122,P13804_R122,0.616807444,1.400754846,ns
TNNT1_R184,P13805_R184,0.319424566,2.863077871,ns
TNNT1_R124,P13805_R124,0.531107335,1.306134402,ns
ENO3_R9,P13929_R9,0.492319045,1.153099886,ns
FOLR2_R122,P14207_R122,0.883135114,0.938063896,ns
PLA2G2A_R120,P14555_R120,0.909089622,1.058010158,ns
PLA2G2A_R143,P14555_R143,0.997693836,0.997888248,ns
PKM_R278,P14618_R278,0.822662782,0.877830827,ns
PKM_R443,P14618_R443,0.461186953,0.845361759,ns
HSP90B1_R608,P14625_R608,0.451964674,0.827276883,ns
HSP90B1_R546,P14625_R546,0.599033049,1.43022049,ns
HSP90B1_R557,P14625_R557,0.804489596,0.846759508,ns
HSP90B1_R448,P14625_R448,0.05477306,1.812947564,ns
HSP90B1_R503,P14625_R503,0.262007551,1.71374726,ns
HSP90B1_R43,P14625_R43,0.623112953,0.693038722,ns
HSP90B1_R395,P14625_R395,0.587709563,0.763287365,ns
COX6B1_R20,P14854_R20,0.417819134,0.759161124,ns
HNRNPL_R181,P14866_R181,0.776192073,0.95339988,ns
HNRNPL_R541,P14866_R541,0.444274984,1.131460016,ns
UQCRB_R65,P14927_R65,0.56161434,1.168087001,ns
FABP4_R31,P15090_R31,0.775937749,1.044109898,ns
FABP4_R127,P15090_R127,0.301253057,1.473742933,ns
AKR1B1_R64,P15121_R64,0.522744146,0.815843468,ns
ANPEP_R640,P15144_R640,0.199158178,11.41768632,ns
RAC2_R183,P15153_R183,0.078285139,1.790536961,ns
EZR_R71,P15311_R71,0.777678326,1.042238921,ns
NME1_R58,P15531_R58,0.977986091,1.033674049,ns
GNS_R255,P15586_R255,0.519593688,1.496459874,ns
CD44_R694,P16070_R694,0.66280637,1.10987951,ns
CD44_R46,P16070_R46,0.164613277,0.578465351,ns
NQO2_R79,P16083_R79,0.83737821,1.068103609,ns
H2AFX_R21,P16104_R21,0.740295596,1.1146942,ns
ACADS_R171,P16219_R171,0.084190842,1.698632242,ns
GLB1_R351,P16278_R351,0.577057257,1.325550061,ns
EPB42_R450,P16452_R450,0.480309339,1.30236138,ns
ATP2A2_R236,P16615_R236,0.503735443,0.905079798,ns
ATP2A2_R35,P16615_R35,0.372829319,1.382173121,ns
ATP2A2_R131,P16615_R131,0.678184571,0.896716853,ns
NDUFB7_R107,P17568_R107,0.723109147,1.142991494,ns
DES_R173,P17661_R173,0.90210582,1.040902199,ns
DDX5_R212,P17844_R212,0.820236688,0.896854557,ns
PFKL_R95,P17858_R95,0.426028896,0.745544765,ns
PFKL_R10,P17858_R10,0.909716258,0.96263279,ns
LGALS3_R168,P17931_R168,0.774601798,1.097700808,ns
RPL35A_R89,P18077_R89,0.366701403,1.206089459,ns
RPL35A_R68,P18077_R68,0.773470645,1.15260303,ns
RPL7_R217,P18124_R217,0.371656683,2.160207016,ns
VCL_R1046,P18206_R1046,0.078995064,1.656665762,ns
VCL_R230,P18206_R230,0.409708868,1.754646902,ns
VCL_R1013,P18206_R1013,0.390460795,1.337330815,ns
VCL_R485,P18206_R485,0.822258511,0.869595357,ns
VCL_R1107,P18206_R1107,0.738548989,1.193484865,ns
RPL17_R3,P18621_R3,0.282127389,1.223441107,ns
TNNI1_R174,P19237_R174,0.914790853,0.896292677,ns
TNNI1_R154,P19237_R154,0.363646481,1.709566962,ns
VCAM1_R656,P19320_R656,0.945818499,1.025473047,ns
NCL_R567,P19338_R567,0.507023951,0.271154694,ns
HK1_R331,P19367_R331,0.868317362,1.105015316,ns
HK1_R779,P19367_R779,0.856440717,1.101581301,ns
ITIH2_R146,P19823_R146,0.81989672,1.128637044,ns
ITIH1_R137,P19827_R137,0.996199629,0.998324968,ns
ITIH1_R425,P19827_R425,0.425317965,0.764961922,ns
ITIH1_R264,P19827_R264,0.48268081,1.34163299,ns
ITIH1_R41,P19827_R41,0.473032635,1.36992023,ns
ATP2B1_R767,P20020_R767,0.721133639,1.22221907,ns
RAB5A_R195,P20339_R195,0.525362493,0.661261282,ns
RAB6A_R134,P20340_R134,0.92043555,0.974333735,ns
PSMB1_R99,P20618_R99,0.65734401,1.397966538,ns
LMNB1_R542,P20700_R542,0.395955469,0.747491553,ns
OGN_R127,P20774_R127,0.968047312,0.964866874,ns
OGN_R291,P20774_R291,0.603123008,1.528312707,ns
NEB_R1812,P20929_R1812,0.636925001,1.414164358,ns
NEB_R2543,P20929_R2543,0.370683077,0.916368194,ns
NEB_R3802,P20929_R3802,0.370600786,0.676138935,ns
GSTM3_R36,P21266_R36,0.264772077,1.589740301,ns
CSRP1_R118,P21291_R118,0.259296126,1.742137441,ns
FL_R884,P21333_R884,0.296355052,0.680015903,ns
FL_R2288,P21333_R2288,0.320431747,1.565696521,ns
FL_R1032,P21333_R1032,0.038635648,0.718728063,down
FL_R2139,P21333_R2139,0.221683116,0.763930233,ns
FL_R285,P21333_R285,0.62095093,0.646400169,ns
FL_R488,P21333_R488,0.522024135,1.216669336,ns
GPD1_R279,P21695_R279,0.776854037,1.102362753,ns
VDAC1_R15,P21796_R15,0.648201409,0.810046815,ns
VDAC1_R163,P21796_R163,0.50757903,0.776919102,ns
BGN_R214,P21810_R214,0.523308286,1.562086164,ns
SDHB_R116,P21912_R116,0.617522343,1.257642891,ns
TGM2_R19,P21980_R19,0.012682618,3.872126223,up
TGM2_R592,P21980_R592,0.813758551,1.114629906,ns
TGM2_R680,P21980_R680,0.354053561,1.739284837,ns
TNXB_R824,P22105_R824,0.906704472,0.92888984,ns
TNXB_R4042,P22105_R4042,0.740155535,0.869205822,ns
TNXB_R1099,P22105_R1099,0.684747725,0.799599515,ns
TNXB_R881,P22105_R881,0.40902214,0.863908186,ns
TNXB_R3406,P22105_R3406,0.088635948,0.604624552,ns
TNXB_R1852,P22105_R1852,0.444462288,0.864505503,ns
TNXB_R1235,P22105_R1235,0.504384077,1.06735033,ns
TNXB_R4052,P22105_R4052,0.342265357,0.386086999,ns
TNXB_R971,P22105_R971,0.678376136,0.883118105,ns
TNXB_R3768,P22105_R3768,0.86073347,0.91497145,ns
TNXB_R1614,P22105_R1614,0.237224657,0.750912967,ns
TNXB_R3203,P22105_R3203,0.822290565,0.975830912,ns
TNXB_R3491,P22105_R3491,0.4790996,1.560746935,ns
TNXB_R3431,P22105_R3431,0.859999004,1.094630375,ns
TNXB_R1249,P22105_R1249,0.218392497,1.340291678,ns
PAICS_R311,P22234_R311,0.140916532,1.343178914,ns
SCP2_R136,P22307_R136,0.298430566,3.095711425,ns
UBA1_R69,P22314_R69,0.393636482,1.169273294,ns
UBA1_R675,P22314_R675,0.223394916,1.201277867,ns
HNRNPA2B1_R12,P22626_R12,0.431117745,0.805407839,ns
UQCRC2_R254,P22695_R254,0.946711575,1.036058457,ns
MRC1_R830,P22897_R830,0.455835464,2.381137251,ns
SFPQ_R358,P23246_R358,0.975801065,1.008627163,ns
SFPQ_R505,P23246_R505,0.231941591,0.7590769,ns
PPIB_R109,P23284_R109,0.91965998,1.022084982,ns
WARS_R106,P23381_R106,0.88853614,0.900945375,ns
RPS3_R143,P23396_R143,0.848973706,0.9318809,ns
JAK1_R108,P23458_R108,0.813547728,1.077651232,ns
CFL1_R146,P23528_R146,0.627259672,1.27538239,ns
EIF4B_R135,P23588_R135,0.00468155,1.374597541,up
ATP2B4_R948,P23634_R948,0.347880111,1.540089632,ns
ATP2B4_R554,P23634_R554,0.101066321,0.749181475,ns
ATP2B4_R310,P23634_R310,0.384204065,0.708172708,ns
ATP2B4_R599,P23634_R599,0.125160138,1.64177394,ns
COX7B_R29,P24311_R29,0.467729992,1.240928474,ns
EEF1B2_R122,P24534_R122,0.805451513,1.099056074,ns
TNC_R897,P24821_R897,0.939751092,1.024415383,ns
TNC_R762,P24821_R762,0.745637647,0.929697129,ns
TNC_R1675,P24821_R1675,0.325817921,1.316004388,ns
TNC_R2050,P24821_R2050,0.700350603,1.231089775,ns
TNC_R802,P24821_R802,0.898450501,1.069946222,ns
RPS12_R33,P25398_R33,0.233236717,0.693108771,ns
DJB1_R157,P25685_R157,0.746244261,0.942258319,ns
ATP5A1_R186,P25705_R186,0.523718693,1.293151549,ns
ATP5A1_R253,P25705_R253,0.651123557,1.495160013,ns
ATP5A1_R424,P25705_R424,0.270172818,2.181625391,ns
ATP5A1_R466,P25705_R466,0.909125134,1.060477837,ns
ATP5A1_R262,P25705_R262,0.365293871,1.378942297,ns
ATP5A1_R214,P25705_R214,0.992972239,1.003940748,ns
CTSS_R234,P25774_R234,0.825961475,1.1608562,ns
PSMA4_R226,P25789_R226,0.302993799,1.597822382,ns
MSN_R71,P26038_R71,0.776115059,1.270863648,ns
MSN_R533,P26038_R533,0.805140867,1.105437563,ns
U2AF2_R457,P26368_R457,0.7512901,1.061691448,ns
RPL13_R167,P26373_R167,0.08168348,1.567264124,ns
PTBP1_R52,P26599_R52,0.796147234,0.914482616,ns
PTBP1_R405,P26599_R405,0.684694488,1.139383909,ns
TARS_R218,P26639_R218,0.215741225,0.706982469,ns
EEF1G_R181,P26641_R181,0.16639227,1.523407783,ns
EEF1G_R149,P26641_R149,0.017764923,1.862630915,up
PLN_R14,P26678_R14,0.650200892,0.745639307,ns
PLN_R9,P26678_R9,0.486133253,1.254064314,ns
STOM_R191,P27105_R191,0.408261686,1.137193055,ns
STOM_R232,P27105_R232,0.821390737,1.047355131,ns
MAOB_R208,P27338_R208,0.2036538,1.651628899,ns
YWHAQ_R138,P27348_R138,0.945964894,0.972797681,ns
DPP4_R40,P27487_R40,0.936306658,0.915538562,ns
DPP4_R253,P27487_R253,0.47328673,1.440386286,ns
RPL10_R38,P27635_R38,0.687682825,0.716618278,ns
RPA1_R382,P27694_R382,0.760790943,1.042961662,ns
RPA1_R499,P27694_R499,0.582793504,1.288332411,ns
CANX_R582,P27824_R582,0.665055994,1.073426531,ns
CANX_R125,P27824_R125,0.375643188,0.86047644,ns
PSMA5_R53,P28066_R53,0.026024052,2.298407689,up
CD34_R370,P28906_R370,0.345586274,0.525764105,ns
EEF1D_R241,P29692_R241,0.676436754,0.880151653,ns
EEF1D_R178,P29692_R178,0.686623471,1.292746664,ns
OAS2_R393,P29728_R393,0.868762621,1.037785122,ns
OAS2_R92,P29728_R92,0.13453632,1.751713185,ns
G11_R20,P29992_R20,0.596017239,1.422161194,ns
BLVRB_R174,P30043_R174,0.659518828,1.126502042,ns
PRDX5_R148,P30044_R148,0.263258974,3.829304805,ns
PRDX3_R214,P30048_R214,0.989830436,1.005400051,ns
RPL12_R123,P30050_R123,0.809582709,1.064523044,ns
CMPK1_R22,P30085_R22,0.32613574,1.371907684,ns
PEBP1_R76,P30086_R76,0.291304854,1.941010463,ns
PEBP1_R49,P30086_R49,0.940508313,1.05256705,ns
PDIA3_R304,P30101_R304,0.576681117,1.545794746,ns
PDIA3_R107,P30101_R107,0.818181766,0.795188195,ns
PDIA3_R140,P30101_R140,0.92666599,1.018900875,ns
PDIA3_R62,P30101_R62,0.954292861,0.980621383,ns
PDIA3_R448,P30101_R448,0.026690458,0.345432715,down
HLA-B_R175,P30486_R175,0.290113985,1.635416758,ns
LRPAP1_R48,P30533_R48,0.628066415,0.880584709,ns
SERPINB1_R186,P30740_R186,0.19165756,1.483511995,ns
POLR2B_R169,P30876_R169,0.325005693,1.207544656,ns
SDHA_R325,P31040_R325,0.518476629,1.230887759,ns
SDHA_R500,P31040_R500,0.079992318,1.289427315,ns
CORO1A_R199,P31146_R199,0.316999714,1.286757818,ns
GDI1_R276,P31150_R276,0.386925408,0.821347788,ns
GDI1_R218,P31150_R218,0.66398698,1.237828956,ns
MAT2A_R84,P31153_R84,0.215624917,1.574424606,ns
AKT1_R391,P31749_R391,0.362289777,1.194040326,ns
UQCRC1_R104,P31930_R104,0.792074813,0.942090976,ns
HNRNPH1_R49,P31943_R49,0.557989842,1.308469473,ns
STIP1_R305,P31948_R305,0.001150987,1.478209622,up
PRDX2_R110,P32119_R110,0.789474903,0.9211185,ns
GBP1_R292,P32455_R292,0.04784697,2.316128949,up
GBP2_R557,P32456_R557,0.096312028,1.67162703,ns
ACSL1_R402,P33121_R402,0.934992001,1.028256258,ns
KIF5B_R321,P33176_R321,0.968193834,1.012965595,ns
CTN1_R241,P35221_R241,0.240789378,0.740556266,ns
CTN1_R540,P35221_R540,0.649225235,1.255806949,ns
CTN1_R165,P35221_R165,0.371641038,2.249338958,ns
RDX_R320,P35241_R320,0.875404637,1.040321441,ns
THBS4_R101,P35443_R101,0.982886588,1.011212782,ns
THBS4_R871,P35443_R871,0.689266914,1.20077483,ns
THBS4_R242,P35443_R242,0.668538989,1.095723918,ns
SAA4_R113,P35542_R113,0.536272878,1.205059484,ns
FBN1_R525,P35555_R525,0.963544386,0.983495902,ns
FBN1_R2051,P35555_R2051,0.570145271,1.718116724,ns
FBN1_R1644,P35555_R1644,0.168959926,0.408922611,ns
FBN1_R627,P35555_R627,0.754020181,0.900422463,ns
FBN1_R344,P35555_R344,0.281036694,0.609969548,ns
FBN1_R233,P35555_R233,0.883163596,1.026434679,ns
FBN1_R45,P35555_R45,0.860264151,0.914294111,ns
FBN1_R1539,P35555_R1539,0.776043575,1.078694888,ns
FBN1_R86,P35555_R86,0.359685228,0.221104908,ns
FBN1_R1850,P35555_R1850,0.333926119,0.54998621,ns
FBN1_R159,P35555_R159,0.571817361,1.170219448,ns
FBN1_R464,P35555_R464,0.301368693,1.27785661,ns
FBN1_R1840,P35555_R1840,0.6249617,1.236105047,ns
MYH9_R1497,P35579_R1497,0.302759391,1.295817855,ns
MYH9_R1571,P35579_R1571,0.88489882,1.10583979,ns
MYH9_R1466,P35579_R1466,0.485004181,0.817901741,ns
MYH9_R1589,P35579_R1589,0.782138653,0.746557578,ns
MYH9_R1043,P35579_R1043,0.419136392,1.717211188,ns
MYH9_R1612,P35579_R1612,0.27324753,2.500279954,ns
MYH9_R1135,P35579_R1135,0.337747739,1.290719531,ns
MYH9_R1877,P35579_R1877,0.836533454,0.88184668,ns
MYH9_R802,P35579_R802,0.778408865,1.051505553,ns
MYH9_R718,P35579_R718,0.822388802,0.930081468,ns
MYH9_R1400,P35579_R1400,0.477083011,1.483521412,ns
MYH9_R358,P35579_R358,0.121483522,1.442980442,ns
MYH9_R1780,P35579_R1780,0.478317869,0.820339935,ns
MYH9_R1503,P35579_R1503,0.960369977,0.989066725,ns
MYH9_R1464,P35579_R1464,0.237238216,0.468450779,ns
MYH10_R1612,P35580_R1612,0.153384191,1.650256388,ns
MYH10_R1787,P35580_R1787,0.792970217,1.155548005,ns
COPB2_R721,P35606_R721,0.837584763,0.91939872,ns
COPB2_R17,P35606_R17,0.678145163,1.080185109,ns
COPB2_R165,P35606_R165,0.511453037,1.430059013,ns
COPB2_R572,P35606_R572,0.659650277,1.150880301,ns
ACTN2_R745,P35609_R745,0.551153396,1.574510383,ns
MYH11_R1275,P35749_R1275,0.242042898,1.289809823,ns
MYH11_R1668,P35749_R1668,0.556534473,1.094451599,ns
MYH11_R1339,P35749_R1339,0.744226864,1.198608241,ns
MYH11_R1172,P35749_R1172,0.526516528,1.221180214,ns
MYH11_R34,P35749_R34,0.432522242,0.742235316,ns
MYH11_R273,P35749_R273,0.441960415,0.227976574,ns
MYH11_R405,P35749_R405,0.344750939,0.404900981,ns
MYH11_R624,P35749_R624,0.131438569,2.345996067,ns
RPL4_R188,P36578_R188,0.355915092,1.76366037,ns
RPL4_R300,P36578_R300,0.938121723,1.029866135,ns
LONP1_R710,P36776_R710,0.890495657,1.034177868,ns
PGM1_R217,P36871_R217,0.344257751,1.538158864,ns
DLST_R437,P36957_R437,0.546394623,1.101245743,ns
HPCAL1_R9,P37235_R9,0.414319429,1.363776964,ns
TAGLN2_R44,P37802_R44,0.029828637,1.483631513,up
ATP6V1A_R215,P38606_R215,0.532047199,1.295377393,ns
ATP6V1A_R553,P38606_R553,0.78127538,1.046313598,ns
HSPA9_R202,P38646_R202,0.658186137,1.125989092,ns
HSPA9_R292,P38646_R292,0.212321467,1.733567725,ns
EIF4A3_R243,P38919_R243,0.32923242,0.794905737,ns
RPL3_R62,P39023_R62,0.929306851,0.964708816,ns
RPL3_R234,P39023_R234,0.74360914,1.103194639,ns
RPL3_R268,P39023_R268,0.687915119,1.199580981,ns
RPL3_R174,P39023_R174,0.995857585,0.998495664,ns
COL15A1_R1270,P39059_R1270,0.459887434,0.65650934,ns
COL18A1_R1637,P39060_R1637,0.366783152,0.636518194,ns
DDOST_R70,P39656_R70,0.27779461,1.545194322,ns
ANP32A_R28,P39687_R28,0.83108451,1.092431022,ns
CAPG_R202,P40121_R202,0.419010687,0.501474011,ns
CCT6A_R392,P40227_R392,0.412568897,1.436128312,ns
CCT6A_R270,P40227_R270,0.736501164,1.061970011,ns
RPL13A_R59,P40429_R59,0.230938081,1.970803813,ns
STAT3_R154,P40763_R154,0.515196747,0.892640365,ns
STAT3_R197,P40763_R197,0.847405336,0.971849697,ns
MDH1_R230,P40925_R230,0.183285841,2.272761476,ns
MDH1_R310,P40925_R310,0.380232449,0.745128142,ns
CSK_R359,P41240_R359,0.553166608,1.256084515,ns
GARS_R388,P41250_R388,0.978582267,0.986333101,ns
GARS_R310,P41250_R310,0.700121276,1.061574401,ns
IARS_R174,P41252_R174,0.245546713,0.577951445,ns
GRM5_R291,P41594_R291,0.220906555,1.604479786,ns
TMPO_R139,P42167_R139,0.278105474,0.821931089,ns
STAT1_R371,P42224_R371,0.49700024,1.30810626,ns
STAT1_R586,P42224_R586,0.269948213,1.249328919,ns
AKR1C3_R76,P42330_R76,0.459994374,1.642196856,ns
AKR1C3_R276,P42330_R276,0.45011888,1.309339185,ns
PI4KA_R750,P42356_R750,0.402075351,1.278325711,ns
LRPPRC_R989,P42704_R989,0.678084176,1.098174044,ns
ACAA2_R176,P42765_R176,0.544875145,0.904055644,ns
PRCP_R227,P42785_R227,0.536971717,1.194528107,ns
PRCP_R71,P42785_R71,0.263664131,0.720258211,ns
ECE1_R550,P42892_R550,0.408456401,1.154249733,ns
PAFAH1B1_R363,P43034_R363,0.432429067,1.528273636,ns
MATR3_R387,P43243_R387,0.260019435,0.309572455,ns
PSMC4_R274,P43686_R274,0.306653528,1.232065707,ns
VDAC2_R26,P45880_R26,0.857905598,0.867981263,ns
USP5_R746,P45974_R746,0.80371614,1.065277642,ns
USP5_R93,P45974_R93,0.969146935,1.0123464,ns
RECQL_R528,P46063_R528,0.879605715,0.954756992,ns
NSF_R691,P46459_R691,0.324842917,1.285720528,ns
RPL5_R179,P46777_R179,0.780772915,0.753037233,ns
RPL5_R35,P46777_R35,0.82658956,0.746302125,ns
RPL28_R103,P46779_R103,0.053253621,3.398415936,ns
RPS9_R38,P46781_R38,0.957933253,1.044911349,ns
RPS9_R70,P46781_R70,0.198779422,1.781645664,ns
RPS9_R172,P46781_R172,0.478769625,0.848346412,ns
RPS9_R24,P46781_R24,0.171204747,1.850059196,ns
RPS5_R164,P46782_R164,0.769121851,1.07059635,ns
RPS5_R136,P46782_R136,0.607401396,1.119212012,ns
UTRN_R1119,P46939_R1119,0.393950869,0.873819135,ns
IQGAP1_R102,P46940_R102,0.756604112,1.227502381,ns
IQGAP1_R1223,P46940_R1223,0.501622017,1.470346617,ns
IQGAP1_R1487,P46940_R1487,0.103269569,0.722513226,ns
IQGAP1_R142,P46940_R142,0.419571613,0.588089854,ns
STT3A_R437,P46977_R437,0.283112989,1.305384457,ns
STT3A_R625,P46977_R625,0.715547719,1.48905469,ns
CAPZA2_R266,P47755_R266,0.660164945,1.22795372,ns
CCT5_R202,P48643_R202,0.635006417,1.265711552,ns
CCT5_R218,P48643_R218,0.504372495,1.123865358,ns
IDH2_R451,P48735_R451,0.797252839,0.952064597,ns
IDH2_R188,P48735_R188,0.432654388,1.348666897,ns
RPL34_R93,P49207_R93,0.538403072,1.220788021,ns
LMAN1_R332,P49257_R332,0.825349169,1.097157305,ns
LMAN1_R90,P49257_R90,0.191163885,4.623270863,ns
FASN_R224,P49327_R224,0.321404056,1.516896863,ns
FASN_R310,P49327_R310,0.931690668,0.920742501,ns
FNTA_R287,P49354_R287,0.885603219,0.916629236,ns
CCT3_R535,P49368_R535,0.386591684,1.501578798,ns
ALDH7A1_R62,P49419_R62,0.027976447,0.579128196,down
ALDH7A1_R466,P49419_R466,0.332930405,1.295172923,ns
CDC34_R3,P49427_R3,0.362195551,1.28330115,ns
AARS_R816,P49588_R816,0.834709428,0.950971441,ns
SARS_R20,P49591_R20,0.656171713,0.884482421,ns
PSMB2_R153,P49721_R153,0.808694275,0.947939065,ns
THBS3_R362,P49746_R362,0.607820761,1.038056367,ns
COMP_R672,P49747_R672,0.125130243,1.393466939,ns
COMP_R53,P49747_R53,0.305659523,1.28440693,ns
COMP_R381,P49747_R381,0.856087987,0.931147855,ns
COMP_R281,P49747_R281,0.397270206,1.697257224,ns
COMP_R485,P49747_R485,0.487081461,1.403259542,ns
ACADVL_R450,P49748_R450,0.336526922,1.385029422,ns
ACADVL_R644,P49748_R644,0.854733347,1.162594581,ns
NDUFV1_R59,P49821_R59,0.93549984,1.034711648,ns
NT5C2_R134,P49902_R134,0.590575841,1.221137578,ns
HNMT_R126,P50135_R126,0.614627236,0.762662714,ns
CRIP1_R16,P50238_R16,0.625134013,1.629369691,ns
SERPINH1_R339,P50454_R339,0.185403548,0.751458413,ns
SERPINH1_R222,P50454_R222,0.45550448,1.147921627,ns
DNM2_R510,P50570_R510,0.762741861,1.199643453,ns
RPL14_R109,P50914_R109,0.789997228,0.921854821,ns
CCT8_R407,P50990_R407,0.802310542,1.120140646,ns
CCT4_R496,P50991_R496,0.667422449,1.109945599,ns
ANXA11_R312,P50995_R312,0.339422283,0.832029371,ns
RAB5C_R196,P51148_R196,0.506541322,0.862570996,ns
IDH3G_R213,P51553_R213,0.371679259,1.336504999,ns
BCAP31_R182,P51572_R182,0.193238445,1.468129198,ns
ALDH5A1_R187,P51649_R187,0.375409826,0.861080474,ns
ALDH5A1_R514,P51649_R514,0.029643858,1.962816911,up
HSD17B4_R258,P51659_R258,0.536493785,1.41641793,ns
LUM_R227,P51884_R227,0.887588401,0.931675211,ns
PRELP_R312,P51888_R312,0.683980853,1.428470147,ns
PRELP_R281,P51888_R281,0.901424124,0.922815082,ns
PRELP_R171,P51888_R171,0.651898997,0.811804401,ns
PRELP_R144,P51888_R144,0.890297627,1.047303694,ns
PRELP_R137,P51888_R137,0.726857972,1.104496259,ns
CNN1_R44,P51911_R44,0.93292904,0.984319183,ns
HNRNPA3_R161,P51991_R161,0.073804979,0.691564268,ns
MYOM1_R984,P52179_R984,0.082522044,1.226069398,ns
PGD_R255,P52209_R255,0.969659863,0.983195105,ns
PGD_R297,P52209_R297,0.626390231,1.137510473,ns
PGD_R324,P52209_R324,0.645039352,0.794436301,ns
HNRNPM_R42,P52272_R42,0.322725117,1.417737871,ns
HNRNPM_R60,P52272_R60,0.790424716,1.123445594,ns
ARHGDIA_R172,P52565_R172,0.409002056,0.623596309,ns
ARHGDIA_R180,P52565_R180,0.437985593,0.790719018,ns
ARHGDIA_R134,P52565_R134,0.653257711,1.170273258,ns
ARHGDIB_R169,P52566_R169,0.525493492,0.780735731,ns
AGFG1_R108,P52594_R108,0.054309931,1.2920493,ns
SMS_R107,P52788_R107,0.1579965,1.523574762,ns
AKR1C2_R301,P52895_R301,0.725662215,1.130897848,ns
AKR1C2_R101,P52895_R101,0.992308468,0.99772891,ns
CAPZA1_R129,P52907_R129,0.45166194,1.264978301,ns
ACLY_R33,P53396_R33,0.597871389,1.082206513,ns
COPB1_R337,P53618_R337,0.675717764,1.260209005,ns
RARS_R395,P54136_R395,0.691367325,1.100406225,ns
MYOM2_R566,P54296_R566,0.682933299,0.851870086,ns
PRKAG1_R70,P54619_R70,0.968916646,1.010118252,ns
BCAT1_R102,P54687_R102,0.993240157,0.99621601,ns
ALDH18A1_R599,P54886_R599,0.229167452,1.810315141,ns
MFAP2_R154,P55001_R154,0.8764766,1.111955794,ns
VCP_R653,P55072_R653,0.708628149,1.212648939,ns
SEC13_R181,P55735_R181,0.181826002,1.222402912,ns
NHP2L1_R84,P55769_R84,0.853287153,0.867293141,ns
OXCT1_R224,P55809_R224,0.099947067,1.130785162,ns
EIF3B_R120,P55884_R120,0.691726156,1.690019431,ns
FCGRT_R206,P55899_R206,0.638988517,0.902115274,ns
ATP5I_R42,P56385_R42,0.308465056,2.100674127,ns
DEFA3_R78,P59666_R78,0.293307091,1.603537157,ns
GNG2_R27,P59768_R27,0.635461819,0.892072733,ns
ARPC4_R71,P59998_R71,0.983375549,1.010506949,ns
ARPC4_R55,P59998_R55,0.29316758,1.471039537,ns
SEC61G_R20,P60059_R20,0.596364632,0.530702062,ns
TPI1_R172,P60174_R172,0.562888814,1.305727207,ns
ACTB_R210,P60709_R210,0.383219742,2.132059392,ns
ACTB_R196,P60709_R196,0.368562806,0.68858147,ns
ACTB_R254,P60709_R254,0.395567988,0.511906997,ns
RPS20_R55,P60866_R55,0.992356446,1.007883169,ns
RPS20_R27,P60866_R27,0.90521646,1.02584627,ns
RPS20_R66,P60866_R66,0.46142128,1.399539092,ns
RPS20_R41,P60866_R41,0.377158865,0.518345689,ns
S100A10_R63,P60903_R63,0.944603946,1.01099932,ns
RAB2A_R126,P61019_R126,0.435447672,0.600874346,ns
UBE2N_R14,P61088_R14,0.192667245,1.341212447,ns
ACTR3_R230,P61158_R230,0.449119383,1.508967327,ns
ACTR3_R50,P61158_R50,0.763545727,1.135899005,ns
ACTR2_R103,P61160_R103,0.430442139,1.472126789,ns
ACTR2_R181,P61160_R181,0.227100558,1.547186389,ns
RPS3A_R151,P61247_R151,0.197467908,1.235788283,ns
RPL15_R96,P61313_R96,0.936283683,1.018358593,ns
RPL27_R102,P61353_R102,0.494539944,1.468962074,ns
RHOA_R183,P61586_R183,0.806407489,1.090169115,ns
SEC61A1_R231,P61619_R231,0.349897285,1.161288715,ns
SEC61A1_R109,P61619_R109,0.025891009,1.331935011,up
SEC61A1_R273,P61619_R273,0.078786876,1.88342328,ns
YWHAG_R12,P61981_R12,0.778931087,1.331949341,ns
YWHAG_R143,P61981_R143,0.796501717,1.07148569,ns
RPS7_R78,P62081_R78,0.926349212,1.084158812,ns
RPS16_R15,P62249_R15,0.054436135,0.405263819,ns
RPS14_R55,P62263_R55,0.316669369,1.49461425,ns
RPS14_R98,P62263_R98,0.58824431,1.168551894,ns
RPS18_R46,P62269_R46,0.3261353,1.360760433,ns
RPS11_R22,P62280_R22,0.289192354,1.258836886,ns
SNRPD1_R50,P62314_R50,0.256955918,1.38602996,ns
PSMC6_R13,P62333_R13,0.405004207,1.207250565,ns
RPL7A_R67,P62424_R67,0.724887645,0.854514414,ns
RPL7A_R113,P62424_R113,0.054894465,2.669995642,ns
RPS6_R22,P62753_R22,0.938998343,0.968058984,ns
RPS6_R25,P62753_R25,0.747967913,1.112051147,ns
HIST1H4A_R41,P62805_R41,0.636150716,0.630484239,ns
HIST1H4A_R96,P62805_R96,0.248103445,1.589745964,ns
RAN_R29,P62826_R29,0.661703225,0.839105746,ns
RPL23_R4,P62829_R4,0.495088219,0.523166325,ns
RPS26_R89,P62854_R89,0.523055172,0.28966608,ns
RPS26_R85,P62854_R85,0.491283493,0.5585221,ns
GNB1_R22,P62873_R22,0.371064143,0.836180188,ns
GNB1_R134,P62873_R134,0.962511902,1.011065891,ns
GNB2_R15,P62879_R15,0.84863431,1.041339491,ns
RPL11_R58,P62913_R58,0.880185167,1.02975006,ns
RPL11_R90,P62913_R90,0.724180876,0.883311375,ns
RPL8_R6,P62917_R6,0.332156103,1.435918113,ns
FKBP1A_R14,P62942_R14,0.458934785,0.361719989,ns
YWHAZ_R60,P63104_R60,0.905646945,0.943541492,ns
YWHAZ_R80,P63104_R80,0.14961654,1.563633659,ns
SKP1_R154,P63208_R154,0.751720039,1.152418561,ns
GNG5_R25,P63218_R25,0.885483392,1.055867301,ns
EIF5A_R113,P63241_R113,0.451142357,0.702899478,ns
GNB2L1_R57,P63244_R57,0.180306732,0.603151516,ns
GNB2L1_R125,P63244_R125,0.799254689,0.817531497,ns
TPM4_R146,P67936_R146,0.70367425,1.192168156,ns
TPM4_R208,P67936_R208,0.721102946,1.447663377,ns
TPM4_R54,P67936_R54,0.798138758,0.912560918,ns
SLC35A1_R78,P78382_R78,0.450168108,0.7099481,ns
GSTO1_R132,P78417_R132,0.254574196,2.054120985,ns
PRKDC_R2915,P78527_R2915,0.839894091,1.09083763,ns
PRKDC_R3462,P78527_R3462,0.118393262,1.175263809,ns
PRKDC_R2704,P78527_R2704,0.132840123,2.161919148,ns
PRKDC_R264,P78527_R264,0.499499557,2.237986458,ns
MAP1A_R144,P78559_R144,0.735660872,0.823963945,ns
ARF1_R99,P84077_R99,0.880204303,1.080115361,ns
ARF5_R99,P84085_R99,0.706061057,0.638884754,ns
ERH_R97,P84090_R97,0.850238424,0.9694062,ns
RPL19_R162,P84098_R162,0.201148875,1.536122904,ns
RPL19_R172,P84098_R172,0.539159738,0.844745711,ns
DAB2_R126,P98082_R126,0.314181727,1.179943719,ns
DAB2_R64,P98082_R64,0.792727008,1.327908676,ns
HSPG2_R3141,P98160_R3141,0.638437753,1.311820918,ns
HSPG2_R467,P98160_R467,0.552633108,0.921016141,ns
HSPG2_R615,P98160_R615,0.398359338,1.326771748,ns
HSPG2_R3366,P98160_R3366,0.137835374,1.440847775,ns
HSPG2_R2837,P98160_R2837,0.496401136,1.549521462,ns
HSPG2_R3267,P98160_R3267,0.544754714,1.729914453,ns
HSPG2_R1990,P98160_R1990,0.581298859,0.779092024,ns
SLC25A3_R92,Q00325_R92,0.999832064,0.999849489,ns
HDLBP_R1048,Q00341_R1048,0.644204134,0.658152429,ns
HDLBP_R283,Q00341_R283,0.933605144,0.96968828,ns
HDLBP_R482,Q00341_R482,0.713922488,0.805859043,ns
CLTC_R1251,Q00610_R1251,0.832478694,1.184295043,ns
CLTC_R41,Q00610_R41,0.450587419,0.724291034,ns
CLTC_R892,Q00610_R892,0.950839055,1.015899226,ns
CLTC_R1620,Q00610_R1620,0.425607421,3.236197831,ns
CLTC_R903,Q00610_R903,0.332811194,1.190665308,ns
CLTC_R400,Q00610_R400,0.585242479,1.108150405,ns
CLTC_R444,Q00610_R444,0.85652311,1.022814696,ns
REEP5_R11,Q00765_R11,0.873466395,1.102307834,ns
SORD_R234,Q00796_R234,0.712703861,1.321522327,ns
HNRNPU_R347,Q00839_R347,0.573202368,1.347420929,ns
HNRNPU_R575,Q00839_R575,0.452508085,1.375921067,ns
SPTBN1_R52,Q01082_R52,0.875812974,1.103770787,ns
SPTBN1_R718,Q01082_R718,0.523771487,0.466165687,ns
SPTBN1_R841,Q01082_R841,0.48175031,1.157383858,ns
SPTBN1_R2140,Q01082_R2140,0.006369939,0.428102072,down
SPTBN1_R1904,Q01082_R1904,0.359333652,1.47425015,ns
SPTBN1_R1906,Q01082_R1906,0.863280024,1.067653812,ns
SPTBN1_R1234,Q01082_R1234,0.53635246,1.309711999,ns
SPTBN1_R384,Q01082_R384,0.080628748,1.455892106,ns
CAP1_R294,Q01518_R294,0.629463043,0.659215843,ns
DR1_R30,Q01658_R30,0.945243784,1.01755662,ns
OGDH_R270,Q02218_R270,0.612808231,1.257945772,ns
OGDH_R572,Q02218_R572,0.986817582,1.005133385,ns
RPL18A_R8,Q02543_R8,0.744450154,0.854712341,ns
FKBP4_R276,Q02790_R276,0.745847029,0.796189799,ns
RPL6_R123,Q02878_R123,0.659610849,1.114698102,ns
SLC25A11_R48,Q02978_R48,0.767373365,1.20097648,ns
GLO1_R95,Q04760_R95,0.713184769,0.879348517,ns
GLO1_R141,Q04760_R141,0.341654182,1.20554895,ns
SSBP1_R107,Q04837_R107,0.755511507,0.723225076,ns
SSBP1_R46,Q04837_R46,0.695908723,1.225237766,ns
PLP2_R139,Q04941_R139,0.300867844,2.153455778,ns
COL14A1_R1131,Q05707_R1131,0.750741509,1.096010539,ns
COL14A1_R175,Q05707_R175,0.415306489,1.271705392,ns
COL14A1_R860,Q05707_R860,0.669707786,1.232299724,ns
COL14A1_R542,Q05707_R542,0.871868992,0.955284346,ns
COL14A1_R116,Q05707_R116,0.777721235,1.117596072,ns
COL14A1_R836,Q05707_R836,0.287324643,0.442066657,ns
COL14A1_R384,Q05707_R384,0.669500723,1.465754245,ns
COL14A1_R226,Q05707_R226,0.5181411,0.427158815,ns
COL14A1_R1604,Q05707_R1604,0.707824554,1.166335434,ns
COL14A1_R1145,Q05707_R1145,0.194938135,0.763064012,ns
PTPN11_R270,Q06124_R270,0.103418766,1.23196193,ns
AOX1_R1109,Q06278_R1109,0.880578181,0.959855632,ns
PSME1_R181,Q06323_R181,0.722976292,1.194078237,ns
RPL18_R143,Q07020_R143,0.695522502,0.89064065,ns
CKAP4_R590,Q07065_R590,0.831191616,0.939836824,ns
DPT_R180,Q07507_R180,0.58616848,1.213523955,ns
KHDRBS1_R159,Q07666_R159,0.216561431,0.521036101,ns
LRP1_R1117,Q07954_R1117,0.468398167,1.124633808,ns
LRP1_R3145,Q07954_R3145,0.168181388,1.158499513,ns
LRP1_R2150,Q07954_R2150,0.536906726,0.681000461,ns
LRP1_R2444,Q07954_R2444,0.909920831,0.896704124,ns
LRP1_R2037,Q07954_R2037,0.959473836,0.983457353,ns
LRP1_R1688,Q07954_R1688,0.74647461,0.860591618,ns
CRYZ_R25,Q08257_R25,0.384799144,0.569629022,ns
PPID_R265,Q08752_R265,0.37604348,0.711980678,ns
SSRP1_R618,Q08945_R618,0.504474634,0.635914802,ns
AHK_R92,Q09666_R92,0.422520928,1.512214768,ns
KIAA0196_R662,Q12768_R662,0.27910762,0.651526872,ns
ASPH_R592,Q12797_R592,0.499106378,0.640958712,ns
AIMP1_R250,Q12904_R250,0.995769724,0.995743527,ns
ILF3_R264,Q12906_R264,0.955762107,1.030486704,ns
LMAN2_R314,Q12907_R314,0.137377306,2.028460789,ns
LMAN2_R95,Q12907_R95,0.611837957,1.220951851,ns
MTAP_R149,Q13126_R149,0.397354501,1.35287412,ns
TARDBP_R191,Q13148_R191,0.01186902,1.468690915,up
SELENBP1_R114,Q13228_R114,0.15300923,0.625908079,ns
SELENBP1_R382,Q13228_R382,0.578359032,0.886513194,ns
TRIM28_R309,Q13263_R309,0.703864905,0.845937908,ns
TRIM28_R278,Q13263_R278,0.586133973,1.165151507,ns
PABPC4_R179,Q13310_R179,0.165101989,1.332723885,ns
EIF3I_R20,Q13347_R20,0.757852964,1.189504007,ns
ILK_R230,Q13418_R230,0.991882568,0.995196587,ns
TMED1_R183,Q13445_R183,0.49749807,0.613704647,ns
PICALM_R129,Q13492_R129,0.760827414,1.072076862,ns
DCTN2_R230,Q13561_R230,0.926220821,1.069556896,ns
E1_R347,Q13564_R347,0.104446272,1.219319811,ns
IQGAP2_R99,Q13576_R99,0.590684847,0.717162733,ns
IQGAP2_R593,Q13576_R593,0.225176866,1.173727246,ns
CUL3_R266,Q13618_R266,0.380443626,1.321206561,ns
FHL1_R95,Q13642_R95,0.591368764,0.667572201,ns
MOGS_R33,Q13724_R33,0.159605612,1.261298028,ns
LAMB3_R751,Q13751_R751,0.622808043,0.891507522,ns
CA_R86,Q13765_R86,0.651241872,1.149426288,ns
SPTAN1_R1359,Q13813_R1359,0.466666511,1.114107729,ns
SPTAN1_R37,Q13813_R37,0.980643562,0.990154976,ns
SPTAN1_R1862,Q13813_R1862,0.149922274,1.430645826,ns
SPTAN1_R247,Q13813_R247,0.724986451,1.15961434,ns
SPTAN1_R2075,Q13813_R2075,0.453018945,0.888200622,ns
DDX39B_R181,Q13838_R181,0.100008361,1.410315156,ns
COTL1_R117,Q14019_R117,0.153058404,0.631717287,ns
HNRNPD_R136,Q14103_R136,0.835350754,1.094780599,ns
EIF3A_R960,Q14152_R960,0.851924519,0.94539138,ns
EIF3A_R14,Q14152_R14,0.678609437,1.245308938,ns
DPYSL3_R361,Q14195_R361,0.10620898,0.518455654,ns
DPYSL3_R397,Q14195_R397,0.999984517,1.000016558,ns
DPYSL3_R124,Q14195_R124,0.1545833,1.242762426,ns
DCTN1_R369,Q14203_R369,0.183171436,1.193400058,ns
DYNC1H1_R287,Q14204_R287,0.71277644,1.117338282,ns
DYNC1H1_R3782,Q14204_R3782,0.456892608,0.729768627,ns
DYNC1H1_R709,Q14204_R709,0.64244698,0.823774286,ns
DYNC1H1_R2332,Q14204_R2332,0.632089269,0.927723329,ns
DYNC1H1_R3413,Q14204_R3413,0.14702983,1.250437704,ns
TRIM25_R261,Q14258_R261,0.280530999,1.388971748,ns
FGL2_R222,Q14314_R222,0.281576477,0.451683306,ns
FLNC_R2410,Q14315_R2410,0.722183938,0.815807138,ns
FLNC_R1313,Q14315_R1313,0.889802072,0.93651705,ns
FLNC_R2437,Q14315_R2437,0.804905474,1.065566404,ns
FLNC_R1159,Q14315_R1159,0.822490286,1.095397685,ns
FLNC_R2641,Q14315_R2641,0.666765248,0.726720938,ns
CAPRIN1_R87,Q14444_R87,0.201092612,1.374332356,ns
ITIH4_R294,Q14624_R294,0.512105756,1.217168304,ns
MESDC2_R86,Q14696_R86,0.385201765,2.34261454,ns
GAB_R51,Q14697_R51,0.47001134,1.581725887,ns
MVP_R452,Q14764_R452,0.166691315,1.438186991,ns
MVP_R456,Q14764_R456,0.403124095,1.305666349,ns
PTGR1_R280,Q14914_R280,0.233798304,0.816427162,ns
KPNB1_R54,Q14974_R54,0.792125857,1.045269387,ns
PSMD6_R83,Q15008_R83,0.684160857,0.754132802,ns
PSMD6_R358,Q15008_R358,0.465136702,1.798488213,ns
NCF4_R72,Q15080_R72,0.282997009,1.058543155,ns
PDIA6_R142,Q15084_R142,0.847318851,0.883346654,ns
PDIA6_R235,Q15084_R235,0.9915078,0.995386871,ns
PCOLCE_R275,Q15113_R275,0.327486186,1.305992693,ns
PCOLCE_R230,Q15113_R230,0.670616295,0.818621457,ns
PLEC_R1916,Q15149_R1916,0.495567382,0.738235826,ns
PLEC_R1759,Q15149_R1759,0.93233541,1.072244553,ns
PLEC_R1575,Q15149_R1575,0.661391412,0.901793312,ns
PLEC_R1159,Q15149_R1159,0.826428923,0.937601281,ns
PLEC_R4083,Q15149_R4083,0.566279954,1.960398494,ns
PLEC_R1179,Q15149_R1179,0.209744983,1.648289293,ns
PLEC_R1492,Q15149_R1492,0.259674192,1.829909013,ns
PLEC_R517,Q15149_R517,0.812992186,1.064149438,ns
PLEC_R2909,Q15149_R2909,0.539654092,0.630920869,ns
PLEC_R4563,Q15149_R4563,0.967245171,0.979679679,ns
PLEC_R522,Q15149_R522,0.926965739,0.972474581,ns
PLEC_R1541,Q15149_R1541,0.417596452,0.801326722,ns
PLEC_R1407,Q15149_R1407,0.313400148,1.338260746,ns
PLEC_R3886,Q15149_R3886,0.067551642,2.563509876,ns
PLEC_R713,Q15149_R713,0.985319057,0.990811921,ns
PLEC_R1984,Q15149_R1984,0.550202181,0.846590461,ns
PLEC_R258,Q15149_R258,0.114466466,1.328286812,ns
PPA1_R132,Q15181_R132,0.503842633,0.255885698,ns
PTGES3_R88,Q15185_R88,0.328455223,1.349081786,ns
NONO_R251,Q15233_R251,0.748997118,0.80390456,ns
RCN1_R188,Q15293_R188,0.232295199,1.72782359,ns
TMED2_R74,Q15363_R74,0.534802409,1.339537734,ns
TCEB2_R29,Q15370_R29,0.498025584,1.517437143,ns
SF3B3_R34,Q15393_R34,0.894642077,1.065614449,ns
TGFBI_R464,Q15582_R464,0.961774188,1.025001516,ns
TGFBI_R557,Q15582_R557,0.762382017,1.175521983,ns
SF1_R240,Q15637_R240,0.319155909,1.734804237,ns
TRIP10_R47,Q15642_R47,0.986356446,0.993700497,ns
TPSAB1_R87,Q15661_R87,0.997358617,1.003397049,ns
ELAVL1_R97,Q15717_R97,0.074453109,1.554989063,ns
MYLK_R1165,Q15746_R1165,0.459681287,2.264123337,ns
VAMP3_R39,Q15836_R39,0.989926973,0.992620885,ns
RAB11B_R72,Q15907_R72,0.77630069,1.144080081,ns
LAMA4_R335,Q16363_R335,0.382388767,0.776599656,ns
DDB1_R414,Q16531_R414,0.703274217,0.911175791,ns
DDB1_R198,Q16531_R198,0.521085391,0.687437036,ns
CDC37_R96,Q16543_R96,0.17393065,0.73557746,ns
CDC37_R266,Q16543_R266,0.900312063,0.94195062,ns
CDC37_R144,Q16543_R144,0.568433716,0.659789212,ns
DPYSL2_R361,Q16555_R361,0.033016782,0.519435498,down
DPYSL2_R492,Q16555_R492,0.763845666,0.918348754,ns
DPYSL2_R268,Q16555_R268,0.856325543,1.142971644,ns
DPYSL2_R397,Q16555_R397,0.805375943,1.086199226,ns
SRSF7_R65,Q16629_R65,0.598440554,1.435443116,ns
IFI16_R395,Q16666_R395,0.525566135,1.762106479,ns
IFI16_R340,Q16666_R340,0.469280248,2.049987016,ns
CYP1B1_R101,Q16678_R101,0.688799656,1.518421785,ns
DECR1_R251,Q16698_R251,0.988671392,0.987312709,ns
PCK2_R104,Q16822_R104,0.368965158,0.787650636,ns
UGP2_R504,Q16851_R504,0.882650711,1.104381351,ns
UGP2_R422,Q16851_R422,0.485472078,1.217781256,ns
UGP2_R80,Q16851_R80,0.366418663,2.20575256,ns
IMMT_R634,Q16891_R634,0.459531705,0.875287027,ns
HNRNPUL2_R263,Q1KMD3_R263,0.029355008,1.337211666,up
LEPRE1_R579,Q32P28_R579,0.844422205,0.902261127,ns
AGK_R351,Q53H12_R351,0.635912415,1.069341864,ns
CYBRD1_R273,Q53TN4_R273,0.753794135,1.192224885,ns
COLEC12_R123,Q5KU26_R123,0.494453224,0.826171191,ns
HP1BP3_R282,Q5SSJ5_R282,0.869823004,1.112627401,ns
HP1BP3_R184,Q5SSJ5_R184,0.825572383,0.920100408,ns
TTBK1_R1220,Q5TCY1_R1220,0.929698652,1.076802164,ns
OBSCN_R3306,Q5VST9_R3306,0.871049322,1.06835443,ns
EEF1A1P5_R321,Q5VTE0_R321,0.943474507,0.963340643,ns
EEF1A1P5_R322,Q5VTE0_R322,0.241730293,1.680282021,ns
MYOM3_R101,Q5VTT5_R101,0.360825137,1.329796054,ns
GPR107_R149,Q5VW38_R149,0.533557713,1.253080082,ns
STEAP4_R380,Q687X5_R380,0.736129592,1.199743686,ns
SLC25A24_R217,Q6NUK1_R217,0.410026394,0.524496024,ns
PTRF_R125,Q6NZI2_R125,0.4433224,1.261565437,ns
C8orf82_R153,Q6P1X6_R153,0.420036519,0.726191146,ns
TEX261_R192,Q6UWH6_R192,0.653879484,0.798460498,ns
APOOL_R109,Q6UXV4_R109,0.239980974,1.491463866,ns
SYNE3_R579,Q6ZMZ3_R579,0.675730484,1.294065784,ns
SYNE3_R394,Q6ZMZ3_R394,0.521191338,0.825602401,ns
SH3BP1_R166,Q6ZT62_R166,0.165592433,1.323308381,ns
TOM1L2_R52,Q6ZVM7_R52,0.688347903,1.230265141,ns
VPS13C_R2084,Q709C8_R2084,0.691050698,1.26623172,ns
IKBIP_R33,Q70UQ0_R33,0.983823551,0.995577616,ns
IKBIP_R135,Q70UQ0_R135,0.420181143,0.69871123,ns
HIST2H3A_R70,Q71DI3_R70,0.483087384,0.6844783,ns
HIST2H3A_R117,Q71DI3_R117,0.365103914,0.606505973,ns
HIST2H3A_R64,Q71DI3_R64,0.767558676,0.809017438,ns
HIST2H3A_R53,Q71DI3_R53,0.806883521,0.911047978,ns
HIST2H3A_R73,Q71DI3_R73,0.882693772,1.138761479,ns
SND1_R316,Q7KZF4_R316,0.356849949,1.241192377,ns
SND1_R62,Q7KZF4_R62,0.786659403,1.08508668,ns
BZW1_R254,Q7L1Q6_R254,0.398222889,0.526509596,ns
CYFIP1_R1042,Q7L576_R1042,0.070020009,0.806679951,ns
APBB1IP_R429,Q7Z5R6_R429,0.978000219,0.989225054,ns
HUWE1_R273,Q7Z6Z7_R273,0.675004495,1.07697275,ns
ABI3BP_R1041,Q7Z7G0_R1041,0.436612452,0.501243911,ns
TMED4_R92,Q7Z7H5_R92,0.182772212,1.453172033,ns
CD163_R63,Q86VB7_R63,0.417342177,0.674442485,ns
CD163_R490,Q86VB7_R490,0.955394567,0.980055979,ns
CD163_R595,Q86VB7_R595,0.423244951,2.431377871,ns
CD163_R400,Q86VB7_R400,0.245274484,1.208280449,ns
CD163_R637,Q86VB7_R637,0.323683609,1.396447298,ns
CD163_R412,Q86VB7_R412,0.319996794,0.69507324,ns
CD163_R913,Q86VB7_R913,0.154816073,2.210565439,ns
CAND1_R137,Q86VP6_R137,0.568737528,1.307687504,ns
CAND1_R350,Q86VP6_R350,0.607904388,1.621512586,ns
IQCA1_R263,Q86XH1_R263,0.164648075,1.312184456,ns
SLC44A2_R130,Q8IWA5_R130,0.532672737,0.750148098,ns
ALDH16A1_R424,Q8IZ83_R424,0.748822523,1.156624162,ns
NDUFAF2_R50,Q8N183_R50,0.29964429,0.705378398,ns
LRRC25_R74,Q8N386_R74,0.130194952,1.380997431,ns
ARHGAP18_R534,Q8N392_R534,0.114816082,1.679013317,ns
ARFGAP2_R16,Q8N6H7_R16,0.462131616,1.4130072,ns
SMYD1_R333,Q8NB12_R333,0.774900126,0.844574333,ns
COLGALT1_R426,Q8NBJ5_R426,0.249579872,0.901491553,ns
COLGALT1_R147,Q8NBJ5_R147,0.787283476,0.900173903,ns
COLGALT1_R221,Q8NBJ5_R221,0.332772603,1.552501168,ns
COLGALT1_R213,Q8NBJ5_R213,0.662501294,1.144484972,ns
SUMF2_R127,Q8NBJ7_R127,0.589466801,0.764704023,ns
SUMF2_R75,Q8NBJ7_R75,0.834181705,1.074121129,ns
TXNDC5_R385,Q8NBS9_R385,0.531077165,1.752538176,ns
LEMD2_R255,Q8NC56_R255,0.615717328,1.292614348,ns
SMARCC2_R845,Q8TAQ2_R845,0.167727639,1.204745207,ns
TMEM167A_R34,Q8TBQ9_R34,0.446485643,1.368845668,ns
STT3B_R703,Q8TCJ2_R703,0.288058398,0.742051514,ns
SPPL2A_R206,Q8TCT8_R206,0.96804377,1.041154138,ns
PLEKHO2_R88,Q8TD55_R88,0.785450227,0.881287919,ns
PLEKHO2_R120,Q8TD55_R120,0.663408792,1.097389211,ns
GPX8_R127,Q8TED1_R127,0.539512794,1.130052409,ns
SLC37A2_R494,Q8TED4_R494,0.337206575,0.70908031,ns
PDCD6IP_R566,Q8WUM4_R566,0.850956306,0.940214978,ns
PDCD6IP_R306,Q8WUM4_R306,0.800679471,0.913172667,ns
TTN_R6369,Q8WZ42_R6369,0.538933178,0.852767094,ns
TTN_R1642,Q8WZ42_R1642,0.385947955,1.431875689,ns
TTN_R14593,Q8WZ42_R14593,0.574827393,0.791653022,ns
TTN_R23535,Q8WZ42_R23535,0.230211178,0.707326364,ns
TTN_R27638,Q8WZ42_R27638,0.146088319,1.257845721,ns
TTN_R9121,Q8WZ42_R9121,0.985506143,1.007332308,ns
TTN_R30226,Q8WZ42_R30226,0.293129437,1.390012105,ns
TTN_R18184,Q8WZ42_R18184,0.045523886,1.20426227,up
TTN_R1261,Q8WZ42_R1261,0.840652588,0.914735603,ns
TTN_R20928,Q8WZ42_R20928,0.221568189,1.283945399,ns
TTN_R12167,Q8WZ42_R12167,0.447623044,1.429168728,ns
TTN_R12792,Q8WZ42_R12792,0.29280927,1.228736207,ns
TTN_R23516,Q8WZ42_R23516,0.958204788,0.989699129,ns
TTN_R19182,Q8WZ42_R19182,0.518355285,0.852866286,ns
TTN_R32567,Q8WZ42_R32567,0.553194183,0.864994528,ns
TTN_R32945,Q8WZ42_R32945,0.707470667,1.234170738,ns
TTN_R8242,Q8WZ42_R8242,0.6600518,1.092873784,ns
TTN_R16331,Q8WZ42_R16331,0.64034999,1.457612691,ns
TTN_R31463,Q8WZ42_R31463,0.254381754,1.504097494,ns
TTN_R8251,Q8WZ42_R8251,0.166793412,1.424464575,ns
TTN_R16178,Q8WZ42_R16178,0.158481721,1.577415754,ns
TTN_R26782,Q8WZ42_R26782,0.766603852,0.927360468,ns
TTN_R14663,Q8WZ42_R14663,0.98789691,1.006652458,ns
TTN_R8800,Q8WZ42_R8800,0.455459776,0.518141499,ns
TTN_R32020,Q8WZ42_R32020,0.590383602,1.108007522,ns
TTN_R1127,Q8WZ42_R1127,0.62571939,0.873432113,ns
TTN_R22640,Q8WZ42_R22640,0.980171777,0.997712505,ns
TTN_R32120,Q8WZ42_R32120,0.522326089,1.473113574,ns
TTN_R19577,Q8WZ42_R19577,0.241271405,1.450190799,ns
TTN_R14367,Q8WZ42_R14367,0.53127196,1.170480869,ns
TTN_R28807,Q8WZ42_R28807,0.0033444,1.381505098,up
TTN_R31903,Q8WZ42_R31903,0.547162663,0.734021278,ns
TTN_R8177,Q8WZ42_R8177,0.503131948,0.71932091,ns
TTN_R24142,Q8WZ42_R24142,0.983575479,0.993104996,ns
TTN_R9442,Q8WZ42_R9442,0.717827717,1.275866974,ns
TTN_R25224,Q8WZ42_R25224,0.417366874,0.679099645,ns
TTN_R22019,Q8WZ42_R22019,0.805011979,0.835893511,ns
TTN_R4982,Q8WZ42_R4982,0.643856518,0.856754369,ns
TTN_R25728,Q8WZ42_R25728,0.917349884,1.054582038,ns
SMPDL3B_R323,Q92485_R323,0.041344577,3.732400539,up
SLC39A7_R290,Q92504_R290,0.34243989,0.866525555,ns
GCN1L1_R2240,Q92616_R2240,0.615069775,1.19592195,ns
NUP205_R1047,Q92621_R1047,0.502599255,1.3962274,ns
TFG_R95,Q92734_R95,0.05408731,0.847453284,ns
STAM_R40,Q92783_R40,0.350066287,1.220393294,ns
GLG1_R254,Q92896_R254,0.95109057,1.004661997,ns
GLG1_R281,Q92896_R281,0.683846355,0.824983238,ns
GLG1_R124,Q92896_R124,0.345059085,1.321308307,ns
GLG1_R565,Q92896_R565,0.884316139,1.086533744,ns
GLG1_R974,Q92896_R974,0.613215678,0.702892073,ns
GLG1_R392,Q92896_R392,0.713226029,0.843697337,ns
RAB8B_R195,Q92930_R195,0.378008116,1.925826192,ns
PRG4_R1264,Q92954_R1264,0.78325742,1.091957902,ns
PRG4_R1386,Q92954_R1386,0.503716786,0.709682662,ns
SLCO2A1_R288,Q92959_R288,0.745816481,0.96438446,ns
TNPO1_R39,Q92973_R39,0.85174267,0.925750648,ns
USP9X_R320,Q93008_R320,0.580066954,1.757734701,ns
CUL5_R31,Q93034_R31,0.001734187,1.615567823,up
SCAMP4_R177,Q969E2_R177,0.112265045,0.721871352,ns
NCLN_R555,Q969V3_R555,0.723837433,0.894205045,ns
MTARC2_R158,Q969Z3_R158,0.600170866,1.317776216,ns
FERMT2_R118,Q96AC1_R118,0.994791389,1.002421046,ns
VPS33A_R70,Q96AX1_R70,0.422926083,0.708864791,ns
TOMM6_R38,Q96B49_R38,0.826773608,0.987972749,ns
TOMM6_R33,Q96B49_R33,0.819032882,1.103923926,ns
AP2M1_R26,Q96CW1_R26,0.980303788,1.012428183,ns
AP2M1_R294,Q96CW1_R294,0.720514538,1.103512957,ns
CHMP6_R36,Q96FZ7_R36,0.149117951,1.360296317,ns
PGM2_R327,Q96G03_R327,0.46668722,1.482833702,ns
VMP1_R394,Q96GC9_R394,0.690687588,0.935015364,ns
CALML4_R40,Q96GE6_R40,0.506809736,1.344922769,ns
CRELD1_R411,Q96HD1_R411,0.865891109,1.075532847,ns
TMEM19_R202,Q96HH6_R202,0.515542663,1.375791867,ns
COX14_R45,Q96I36_R45,0.497424927,1.081788297,ns
SUCLG2_R381,Q96I99_R381,0.173236713,0.822174049,ns
SCYL1_R106,Q96KG9_R106,0.964872029,0.98416322,ns
CNDP2_R369,Q96KP4_R369,0.588025316,0.758956771,ns
CNDP2_R453,Q96KP4_R453,0.77605131,0.974431385,ns
MAGEB10_R335,Q96LZ2_R335,0.317274337,0.196141023,ns
FNBP1_R47,Q96RU3_R47,0.439229067,1.516088409,ns
FAM129B_R256,Q96TA1_R256,0.479579277,1.198327664,ns
FAM129B_R324,Q96TA1_R324,0.606984538,1.187629659,ns
CD180_R173,Q99467_R173,0.183293119,1.447491631,ns
VAT1_R67,Q99536_R67,0.193223782,1.759292123,ns
EIF3C_R142,Q99613_R142,0.733179038,1.076500975,ns
EIF3C_R209,Q99613_R209,0.664818909,1.240724268,ns
PHB2_R11,Q99623_R11,0.554369472,1.402740515,ns
COL12A1_R2244,Q99715_R2244,0.640894544,1.148172558,ns
COL12A1_R558,Q99715_R558,0.054633186,1.621420034,ns
SLC29A1_R260,Q99808_R260,0.761660472,0.896077128,ns
CCT7_R53,Q99832_R53,0.657819746,1.153652319,ns
HIST1H2BM_R100,Q99879_R100,0.48540735,0.774669908,ns
ARPC5L_R76,Q9BPX5_R76,0.572125099,1.17684418,ns
VKORC1_R33,Q9BQB6_R33,0.747916636,1.267918996,ns
APOL2_R313,Q9BQE5_R313,0.529514441,1.577718786,ns
APOL2_R182,Q9BQE5_R182,0.953980557,1.022514703,ns
CORO1B_R207,Q9BR76_R207,0.115001008,1.54634421,ns
FAM213A_R145,Q9BRX8_R145,0.412060777,1.156277243,ns
ERP44_R137,Q9BS26_R137,0.617788775,1.38479095,ns
ERP44_R176,Q9BS26_R176,0.792247807,1.067979467,ns
ESYT1_R813,Q9BSJ8_R813,0.548585442,1.300778574,ns
ESYT1_R664,Q9BSJ8_R664,0.667351413,0.804591376,ns
COPS4_R27,Q9BT78_R27,0.299690764,1.217386788,ns
TMEM109_R206,Q9BVC6_R206,0.660965315,1.15270096,ns
TMEM109_R238,Q9BVC6_R238,0.371942142,2.352358991,ns
TMED9_R186,Q9BVK6_R186,0.173373695,0.484092944,ns
TMEM120A_R188,Q9BXJ8_R188,0.46785454,1.126462241,ns
ASPN_R290,Q9BXN1_R290,0.310345695,1.340477097,ns
AP1M1_R225,Q9BXS5_R225,0.21535784,1.580046774,ns
AP1M1_R421,Q9BXS5_R421,0.817030853,1.046919212,ns
SEC11C_R135,Q9BY50_R135,0.062265906,1.414683063,ns
SIGLEC1_R282,Q9BZZ2_R282,0.820524978,1.145277065,ns
XRN2_R281,Q9H0D6_R281,0.762000131,1.136810431,ns
UNC93B1_R277,Q9H1C4_R277,0.671518852,0.60413633,ns
NUCKS1_R90,Q9H1E3_R90,0.671258477,0.750295659,ns
NUCKS1_R191,Q9H1E3_R191,0.459017045,2.340512438,ns
EHD4_R211,Q9H223_R211,0.711884573,0.765343975,ns
EHD4_R218,Q9H223_R218,0.901076205,0.913992601,ns
VPS16_R505,Q9H269_R505,0.091520748,1.288986651,ns
SH3BGRL3_R51,Q9H299_R51,0.718233261,1.336821424,ns
SH3BGRL3_R26,Q9H299_R26,0.75971157,0.848507274,ns
GLIPR2_R21,Q9H4G4_R21,0.549634243,1.353644088,ns
EHD1_R292,Q9H4M9_R292,0.729900149,1.283962792,ns
METTL7A_R214,Q9H8H3_R214,0.863313316,0.956564982,ns
SFXN1_R214,Q9H9B4_R214,0.312411889,1.333005433,ns
TNS1_R1695,Q9HBL0_R1695,0.39345842,0.80563004,ns
TNS1_R1573,Q9HBL0_R1573,0.892782513,1.028181738,ns
TM9SF3_R117,Q9HD45_R117,0.602186072,0.855889621,ns
TM9SF3_R169,Q9HD45_R169,0.053857891,1.483667662,ns
TXNRD2_R63,Q9NNW7_R63,0.97275956,0.99338868,ns
ENY2_R76,Q9NPA8_R76,0.778073448,0.929107622,ns
CRTAC1_R91,Q9NQ79_R91,0.525148298,1.202714222,ns
CRTAC1_R332,Q9NQ79_R332,0.520191648,1.486939495,ns
NS_R69,Q9NR45_R69,0.921898201,0.979581279,ns
DISC1_R549,Q9NRI5_R549,0.311337053,1.599360201,ns
PHPT1_R45,Q9NRX4_R45,0.288821722,1.909072795,ns
SACM1L_R461,Q9NTJ5_R461,0.134080247,1.219289081,ns
OLA1_R279,Q9NTK5_R279,0.681124363,1.029132722,ns
FAM105A_R217,Q9NUU6_R217,0.673186965,1.253547577,ns
DDX19A_R198,Q9NUU7_R198,0.547994354,1.23790426,ns
ARL8B_R132,Q9NVJ2_R132,0.804317471,0.843067838,ns
PNPO_R116,Q9NVS9_R116,0.587318404,1.889308425,ns
C1orf123_R58,Q9NWV4_R58,0.922029798,1.040049592,ns
IMPAD1_R229,Q9NX62_R229,0.69751582,1.064222063,ns
BCLAF1_R715,Q9NYF8_R715,0.670308612,1.847688629,ns
ELOVL5_R19,Q9NYP7_R19,0.339500574,1.493614492,ns
UGGT1_R370,Q9NYU2_R370,0.30649843,1.730046636,ns
ERAP1_R887,Q9NZ08_R887,0.860158906,1.054059927,ns
MYOF_R97,Q9NZM1_R97,0.212490821,2.415243957,ns
EHD2_R7,Q9NZN4_R7,0.506562614,0.709603081,ns
LMCD1_R84,Q9NZU5_R84,0.554697041,0.947804179,ns
THYN1_R66,Q9P016_R66,0.196713763,1.498139173,ns
VPS18_R894,Q9P253_R894,0.35284688,1.339835761,ns
PTGFRN_R482,Q9P2B2_R482,0.704714848,0.70483433,ns
RRBP1_R797,Q9P2E9_R797,0.439974135,0.746244199,ns
RRBP1_R1007,Q9P2E9_R1007,0.837588519,1.091085202,ns
RRBP1_R1157,Q9P2E9_R1157,0.390747736,1.245749198,ns
LARS_R236,Q9P2J5_R236,0.321613231,1.24246227,ns
SUCLA2_R106,Q9P2R7_R106,0.224632439,2.051117088,ns
SUCLA2_R284,Q9P2R7_R284,0.125783384,1.423839375,ns
MRC2_R1444,Q9UBG0_R1444,0.16261576,1.461829175,ns
MRC2_R690,Q9UBG0_R690,0.472064228,0.723724091,ns
MRC2_R994,Q9UBG0_R994,0.678678073,1.157562801,ns
VPS29_R176,Q9UBQ0_R176,0.151091181,0.607915954,ns
DJB11_R34,Q9UBS4_R34,0.767493565,0.893539527,ns
ADD3_R57,Q9UEY8_R57,0.957675449,0.971400777,ns
SUSD2_R250,Q9UGT4_R250,0.403881314,0.554149848,ns
SEPTIN9_R335,Q9UHD8_R335,0.657485021,0.900603321,ns
DPP7_R295,Q9UHL4_R295,0.531016243,1.250607532,ns
CYB5R1_R174,Q9UHQ9_R174,0.229588659,1.374746252,ns
NDUFA12_R29,Q9UI09_R29,0.640566057,0.876747824,ns
LSM7_R31,Q9UK45_R31,0.832761333,1.081026033,ns
RALY_R78,Q9UKM9_R78,0.800546156,0.91895587,ns
C14orf1_R135,Q9UKR5_R135,0.400250179,1.381185745,ns
MYH2_R1309,Q9UKX2_R1309,0.663157714,1.285175682,ns
MYH2_R1481,Q9UKX2_R1481,0.809523964,0.845732986,ns
MYH2_R1650,Q9UKX2_R1650,0.042558402,1.796865353,up
RAB21_R189,Q9UL25_R189,0.514605329,0.647067249,ns
PSME2_R149,Q9UL46_R149,0.579964435,1.316178294,ns
DNPEP_R215,Q9ULA0_R215,0.899070687,0.950863315,ns
CORO1C_R199,Q9ULV4_R199,0.972567499,1.012548762,ns
TMCO1_R114,Q9UM00_R114,0.478550434,1.573986897,ns
MYO6_R420,Q9UM54_R420,0.824256825,1.075787456,ns
SNX6_R301,Q9UNH7_R301,0.443153181,4.210326417,ns
SSR3_R120,Q9UNL2_R120,0.950927858,0.995305142,ns
SSR3_R110,Q9UNL2_R110,0.515738327,1.201718689,ns
RPL26L1_R11,Q9UNX3_R11,0.690601534,1.282223441,ns
NSFL1C_R307,Q9UNZ2_R307,0.099250398,1.440396351,ns
GPR34_R158,Q9UPC5_R158,0.976567212,0.979255521,ns
C14orf166_R157,Q9Y224_R157,0.978483644,0.97281134,ns
RUVBL2_R284,Q9Y230_R284,0.838463155,0.916983349,ns
EIF3L_R105,Q9Y262_R105,0.397046119,1.250613867,ns
NUDC_R87,Q9Y266_R87,0.279771766,1.367118921,ns
NUDC_R76,Q9Y266_R76,0.838063958,0.911938221,ns
VSIG4_R134,Q9Y279_R134,0.475423327,1.180652326,ns
NCKAP1_R896,Q9Y2A7_R896,0.476639545,1.1723029,ns
EXOC6B_R101,Q9Y2D4_R101,0.151141803,1.352531526,ns
EPB41L3_R129,Q9Y2J2_R129,0.825347777,1.117405764,ns
PADI2_R552,Q9Y2J8_R552,0.706933077,1.13208702,ns
PADI2_R187,Q9Y2J8_R187,0.799535764,1.159148468,ns
PADI2_R8,Q9Y2J8_R8,0.504695779,0.704654487,ns
PADI2_R448,Q9Y2J8_R448,0.720640064,1.4160775,ns
PADI2_R441,Q9Y2J8_R441,0.450749519,0.509487995,ns
SBDS_R40,Q9Y3A5_R40,0.069266752,1.052745867,ns
SAMHD1_R451,Q9Y3Z3_R451,0.698233646,1.272028085,ns
SAMHD1_R226,Q9Y3Z3_R226,0.3879625,0.554827533,ns
TLN1_R1072,Q9Y490_R1072,0.080739344,0.772822708,ns
TLN1_R2209,Q9Y490_R2209,0.88441248,1.018210576,ns
TLN1_R2465,Q9Y490_R2465,0.733829283,1.128773043,ns
TLN1_R1214,Q9Y490_R1214,0.626271105,0.726268612,ns
TLN1_R1368,Q9Y490_R1368,0.52836588,0.787751538,ns
TLN2_R2369,Q9Y4G6_R2369,0.281769046,1.241643393,ns
HYOU1_R300,Q9Y4L1_R300,0.359493449,0.506992286,ns
ATP6V1D_R30,Q9Y5K8_R30,0.114651771,1.408024688,ns
COPG1_R359,Q9Y678_R359,0.787846232,1.076623995,ns
COPG1_R121,Q9Y678_R121,0.909681054,0.970626686,ns
CLIC4_R206,Q9Y696_R206,0.576438506,1.151973601,ns
EMILIN1_R788,Q9Y6C2_R788,0.048215302,1.238926605,up
STK24_R288,Q9Y6E0_R288,0.336505317,1.128089873,ns
BZW2_R208,Q9Y6E2_R208,0.426160598,0.670108195,ns
EPN1_R91,Q9Y6I3_R91,0.531377606,0.750735854,ns
OAS3_R65,Q9Y6K5_R65,0.573263523,1.560957792,ns
FCGBP_R1348,Q9Y6R7_R1348,0.53186718,1.277310095,ns
SERP1_R21,Q9Y6X1_R21,0.656478682,1.251503593,ns
