"Gene_position","n_Y","n_N","p_YN_pro","fc_YN_mean_pro","p_YN","fc_YN_mean","mean_N_pro","mean_Y_pro","mean_N","mean_Y","color_YN_mean","color_YN_mean_pro","order"
"EEF1A1P5(R322)",9,28,0.341763233032175,0.99671308350864,0.000617096274839633,-0.561214841476191,0.119861851,0.119467875105263,-2.30752303385714,-2.86873787533333,"down","other","p EEF1A1P5(R322)"
"COX6C(R40;R45)",14,52,0.321233394134492,0.942622491572408,0.00271216089556029,-0.314299503021978,0.09633592106,0.0908084059375,-1.69428267819231,-2.00858218121429,"down","other","o COX6C(R40;R45)"
"FGA(R69)",17,58,0.00765173815320731,1.06733459064921,0.016703710303894,-0.256632429916836,1.14008350484286,1.21685056094737,-4.18957436896552,-4.44620679888235,"down","other","n FGA(R69)"
"CLIC1(R50;R51)",13,51,0.801211844929017,0.980132125901062,0.00484427830602368,-0.241183383015083,0.240981734014706,0.236193939263158,-3.74041042821569,-3.98159381123077,"down","other","m CLIC1(R50;R51)"
"ATP5F1A(R262)",17,62,0.582417548825272,0.9842179884391,0.000598440723240686,-0.239757318043643,0.137632146014286,0.135460033894737,-2.75261655183871,-2.99237386988235,"down","other","l ATP5F1A(R262)"
"ACTN4(R175)",5,19,0.117033132977513,0.940797354452611,0.0408109710339813,-0.19213336816842,0.194099796785714,0.182608575315789,-5.78520454463158,-5.9773379128,"down","other","k ACTN4(R175)"
"HSPD1(R309)",10,30,0.282813945020784,0.959432591517244,0.0136819318687822,-0.1909080629,0.138977032357143,0.133339094315789,-2.185957883,-2.3768659459,"down","other","j HSPD1(R309)"
"CPS1(R721)",9,35,0.825115389036642,1.00976387041008,0.0107358437418969,-0.189436757695238,0.158416329957143,0.159963086473684,-1.78969762097143,-1.97913437866667,"down","other","i CPS1(R721)"
"YWHAG(R143)",12,35,0.00864070099681203,0.940087311589959,0.0386622992168679,-0.185939491747619,0.128341998928571,0.120652684736842,-2.47258954008571,-2.65852903183333,"down","other","h YWHAG(R143)"
"HADHB(R117)",19,64,0.316307079752433,0.998845993666001,0.0227745419488347,-0.182247755290296,0.188647144157143,0.188429444157895,-3.82862148107812,-4.01086923636842,"down","other","g HADHB(R117)"
"MYH9(R263;R266)",16,60,0.331427530664087,0.995781792170773,0.0419343478237258,-0.169090339716667,0.185447493542857,0.184665237473684,-2.50625646103333,-2.67534680075,"down","other","f MYH9(R263;R266)"
"UGP2(R3)",9,21,0.0621250384140711,0.958937709590974,0.0204436634251718,-0.160136716285714,0.209212660057143,0.200621909052632,-1.88395780004762,-2.04409451633333,"down","other","e UGP2(R3)"
"ASS1(R344)",10,44,0.200925033614174,0.975497773715758,0.00633586079028695,-0.157446395377273,0.171836513128571,0.167626136,-3.04135015202273,-3.1987965474,"down","other","d ASS1(R344)"
"LDHA(R157)",9,33,0.922219641239158,0.98593749494599,0.0113749032505444,-0.155471522494949,0.182617602057143,0.180049541105263,-2.64586573772727,-2.80133726022222,"down","other","c LDHA(R157)"
"ANXA2(R304)",9,42,0.00616251270358723,0.945678979622536,0.0218599538535688,-0.148685820706349,0.183644616814286,0.173668853842105,-2.72623571507143,-2.87492153577778,"down","other","b ANXA2(R304)"
"COX4I1(R83)",9,28,0.135252196185868,0.987453919393544,0.0426447213930569,0.259106747809524,0.2902021397,0.286561240263158,-2.39456297614286,-2.13545622833333,"up","other","a COX4I1(R83)"
