ID,Protein_ID,sequence_window2,Gene_position,n_Y,n_N,p_YN,fc_YN,fc_YN_mean,median_Y,median_N,mean_Y,mean_N,color_YN_median,color_YN_mean,color_YN_mean_pro
A0A0B4J1V0_GLEWVGR(pa)IK_,A0A0B4J1V0,SWVRQAPGKGLEWVGRIKSKTDGGTTDYAAP,IGHV3-15(R69),2,13,0.219052194,-0.038555084,-0.082567984,-4.559940419,-4.521385335,-4.559940419,-4.477372435,other,other,other
A0A0B4J1X5_GR(pa)FTISR(pa)DNAK_,A0A0B4J1X5,NSDGSSTSYADSVKGRFTISRDNAKNTLYLQ,IGHV3-74(R86;R91),13,37,0.212136633,0,-0.068451606,-3.85764207,-3.85764207,-3.882653699,-3.814202093,other,other,other
O00299_R(pa)R(pa)TETVQK_,O00299,WLKGVTFNVTTVDTKRRTETVQKLCPGGQLP,CLIC1(R50;R51),12,29,0.82917683,-0.042589481,0.010247137,-3.78888938,-3.746299899,-3.739948248,-3.750195385,other,other,other
O00483_MLR(pa)QIIGQAK_,O00483,XXXXXXXXXXXXXMLRQIIGQAKKHPSLIPL,NDUFA4(R3),4,15,0.685932027,0,-0.025983116,-2.604772992,-2.604772992,-2.581865975,-2.555882859,other,other,#N/A
O15144_VLNR(pa)AR(pa)PDAEK_,O15144,TRMRAKTSDFLKVLNRARPDAEKKEMKTITG,ARPC2(R279;R281),13,26,0.988029975,0,0.010041024,-2.505066703,-2.505066703,-2.498368531,-2.508409555,other,other,#N/A
O15145_GPAPR(pa)ETK_,O15145,MALLPIRSQFKGPAPRETKDTDIVDEAIYYF,ARPC3(R34),12,38,0.238168744,-0.00434987,-0.073401387,-3.15692208,-3.152572211,-3.162208742,-3.088807355,other,other,#N/A
O43707_AETAANR(pa)ICK_,O43707,YHAFSGAQKAETAANRICKVLAVNQENEHLM,ACTN4(R280),8,35,0.037780917,-0.111405945,-0.182478913,-3.465608083,-3.354202138,-3.523819741,-3.341340828,other,down,other
O43707_EGLLLWCQR(pa)K_,O43707,VEETSAKEGLLLWCQRKTAPYKNVNVQNFHI,ACTN4(R175),3,10,0.311393594,-0.01384761,-0.011915768,-5.840127678,-5.826280068,-5.839761996,-5.827846227,other,other,other
O43866_SLSPSFR(pa)DR(pa)K_,O43866,VCKQLGCGKSLSPSFRDRKCYGPGVGRIWLD,CD5L(R296;R298),8,25,0.460105255,-0.078516759,-0.070546614,-3.293105295,-3.214588536,-3.28789726,-3.217350646,other,other,other
O75369_VR(pa)AGGPGLER_,O75369,QFTVGPLGEGGAHKVRAGGPGLERGEAGVPA,FLNB(R2197),10,28,0.449504651,0.161875329,-0.076577837,-1.801086963,-1.962962292,-1.92656976,-1.849991923,other,other,other
O95831_SLSAIDR(pa)AGAEVK_,O95831,LIATGGTPRSLSAIDRAGAEVKSRTTLFRKI,AIFM1(R272),7,19,0.904305478,0,0.031640478,-2.732730036,-2.732730036,-2.729044516,-2.760684994,other,other,other
O95831_SR(pa)TTLFR(pa)K_,O95831,RSLSAIDRAGAEVKSRTTLFRKIGDFRSLEK,AIFM1(R280;R285),11,21,0.633371517,-0.044004822,-0.029895921,-1.59742332,-1.553418498,-1.552540725,-1.522644805,other,other,other
O95831_VR(pa)R(pa)EGVK_,O95831,KILPEYLSNWTMEKVRREGVKVMPNAIVQSV,AIFM1(R357;R358),8,14,0.469037111,-0.026263755,-0.035372248,-1.872104901,-1.845841146,-1.844341637,-1.808969389,other,other,other
P00325_AAGAAR(pa)IIAVDINK_,P00325,VGLSAVMGCKAAGAARIIAVDINKDKFAKAK,ADH1B(R219),11,21,0.749666638,0,0.037697749,-4.492402262,-4.492402262,-4.521654013,-4.559351762,other,other,other
P00325_NDLGNPR(pa)GTLQDGTR(pa)R_,P00325,NPESNYCLKNDLGNPRGTLQDGTRRFTCRGK,ADH1B(R121;R129),16,36,0.132348706,-0.090610263,-0.071146283,-2.14715322,-2.056542957,-2.166708642,-2.095562359,other,other,other
P00325_NDLGNPR(pa)GTLQDGTR_,P00325,NPESNYCLKNDLGNPRGTLQDGTRRFTCRGK,ADH1B(R121),8,26,0.854194197,0.041222657,-0.075765309,-2.591064574,-2.632287231,-2.67612225,-2.600356941,other,other,other
P00338_NR(pa)VIGSGCNLDSAR_,P00338,ILTYVAWKISGFPKNRVIGSGCNLDSARFRY,LDHA(R157),13,26,0.385332604,-0.059130789,-0.021350149,-2.691430896,-2.632300108,-2.668172648,-2.646822499,other,other,other
P00338_QQEGESR(pa)LNLVQR_,P00338,LVIITAGARQQEGESRLNLVQRNVNIFKFII,LDHA(R106),8,17,0.929620812,-0.011053351,-0.021612468,-2.929516605,-2.918463253,-2.958284798,-2.93667233,other,other,other
P00367_SNAPR(pa)VK_,P00367,IPAASEKQLTKSNAPRVKAKIIAEGANGPTT,GLUD1(R395),13,33,0.447012943,0.101812021,0.031125669,-3.057330066,-3.159142087,-3.109516436,-3.140642106,other,other,other
P00367_TR(pa)ESEEQK_,P00367,GASIVEDKLVEDLRTRESEEQKRNRVRGILR,GLUD1(R92),12,25,0.569270733,0.025721111,0.073281145,-2.536695194,-2.562416305,-2.486639174,-2.559920319,other,other,other
P00387_SNPIIR(pa)TVK_,P00387,GKFAIRPDKKSNPIIRTVKSVGMIAGGTGIT,CYB5R3(R170),10,24,0.118546448,-0.053336172,-0.048819191,-0.368206562,-0.31487039,-0.366694664,-0.317875473,other,other,other
P00480_GR(pa)DLLTLK_,P00480,FRCGQPLQNKVQLKGRDLLTLKNFTGEEIKY,OTC(R40),13,26,0.822794699,0,-0.041464741,-2.92197233,-2.92197233,-2.970878515,-2.929413773,other,other,other
P00558_IEAFR(pa)ASLSK_,P00558,SGNKVKAEPAKIEAFRASLSKLGDVYVNDAF,PGK1(R151),14,39,0.37579607,-0.003135565,-0.027178591,-3.041597167,-3.038461602,-3.034856697,-3.007678106,other,other,other
P00558_NNQITNNQR(pa)IK_,P00558,DFNVPMKNNQITNNQRIKAAVPSIKFCLDNG,PGK1(R39),16,42,0.60528491,0.078580278,0.032500134,-4.441420078,-4.520000356,-4.439203583,-4.471703717,other,other,other
P00558_YAEAVTR(pa)AK_,P00558,DCGPESSKKYAEAVTRAKQIVWNGPVGVFEW,PGK1(R330),14,40,0.324636657,0.024024643,-0.06310791,-2.834169785,-2.858194428,-2.853221256,-2.790113347,other,other,other
P00734_GR(pa)VTGWGNLK_,P00734,DRETAASLLQAGYKGRVTGWGNLKETWTANV,F2(R500),15,41,0.866831681,0.034396596,-0.020543175,-2.346923394,-2.38131999,-2.381447395,-2.36090422,other,other,other
P00738_LR(pa)TEGDGVYTLNDK_,P00738,VEHSVRYQCKNYYKLRTEGDGVYTLNDKKQW,HP(R59),12,35,0.685337017,-0.007538526,-0.013694377,-4.620381098,-4.612842572,-4.615619041,-4.601924664,other,other,other
P00738_LR(pa)TEGDGVYTLNNEK_,P00738,VEHSVRYQCKNYYKLRTEGDGVYTLNNEKQW,HP(R118),14,40,0.727317286,0.017783056,-0.013797942,-3.874496507,-3.892279563,-3.865531208,-3.851733266,other,other,other
P00738_NPANPVQR(pa)_,P00738,EAVCGKPKNPANPVQRILGGHLDAKGSFPWQ,HP(R161),4,8,0.122563702,0.110850542,0.166233333,-0.802989483,-0.913840025,-0.741931749,-0.908165082,other,other,other
P00738_VGYVSGWGR(pa)NANFK_,P00738,DYAEVGRVGYVSGWGRNANFKFTDHLKYVML,HP(R286),13,30,0.208562127,0.063870478,0.101111733,-4.162287454,-4.226157932,-4.143749313,-4.244861046,other,other,other
P00747_NLDENYCR(pa)NPDGK_,P00747,TPENFPCKNLDENYCRNPDGKRAPWCHTTNS,PLG(R325),13,36,0.689806971,-0.072817067,-0.016548546,-3.001295062,-2.928477995,-2.958092992,-2.941544447,other,other,other
P00747_NYR(pa)GTMSK_,P00747,KVYLSECKTGNGKNYRGTMSKTKNGITCQKW,PLG(R112),14,33,0.708790697,0.034977919,0.011904552,-3.124961618,-3.159939537,-3.101819956,-3.113724508,other,other,other
P00751_ISVIR(pa)PSK_,P00751,TDYHKQPWQAKISVIRPSKGHESCMGAVVSE,CFB(R503),9,22,0.226075898,-0.002711631,-0.079463311,0.018880418,0.021592049,-0.026471271,0.05299204,other,other,other
P00966_EDFEEAR(pa)K_,P00966,AYLANIGQKEDFEEARKKALKLGAKKVFIED,ASS1(R48),14,25,0.882303151,-0.024761205,-0.008878433,-1.502710989,-1.477949784,-1.546335547,-1.537457114,other,other,other
P00966_GR(pa)NDLMEYAK_,P00966,IAPWRMPEFYNRFKGRNDLMEYAKQHGIPIP,ASS1(R157),16,41,0.248059193,-0.062794101,-0.037211531,-1.660548088,-1.597753987,-1.63114204,-1.593930508,other,other,other
P00966_QVEIAQR(pa)EGAK_,P00966,LARPCIARKQVEIAQREGAKYVSHGATGKGN,ASS1(R108),17,43,0.86887776,0.004502429,0.000653617,-3.220604209,-3.225106638,-3.199196277,-3.199849894,other,other,other
P00966_SQER(pa)VEGK_,P00966,PECEFVRHCIAKSQERVEGKVQVSVLKGQVY,ASS1(R344),12,29,0.343213022,0.030356843,-0.13819651,-2.974993778,-3.005350621,-3.060844983,-2.922648473,other,other,other
P01008_ENAEQSR(pa)AAINK_,P01008,AKLQPLDFKENAEQSRAAINKWVSNKTEGRI,SERPINC1(R215),10,33,0.38483292,-0.046116829,-0.05354406,-2.849199316,-2.803082487,-2.834154358,-2.780610298,other,other,other
P01008_FSPENTR(pa)K_,P01008,YFKGLWKSKFSPENTRKELFYKADGESCSAS,SERPINC1(R267),5,22,0.099090614,-0.063104687,-0.082860556,-2.447348567,-2.384243881,-2.454576438,-2.371715882,other,other,other
P01008_LVSANR(pa)LFGDK_,P01008,LYRKANKSSKLVSANRLFGDKSLTFNETYQD,SERPINC1(R177),1,8,1,0,0.000503047,-5.575180278,-5.575180278,-5.575180278,-5.575683326,other,other,other
P01009_FLENEDR(pa)R_,P01009,ELTHDIITKFLENEDRRSASLHLPKLSITGT,SERPINA1(R305),9,33,0.864307227,0.016887581,0.010219132,-2.781000437,-2.797888018,-2.84535626,-2.855575391,other,other,other
P01023_R(pa)TTVMVK_,P01023,FLTVQVKGPTQEFKKRTTVMVKNEDSLVFVQ,A2M(R117),12,27,0.98773629,0.045538477,-0.042993123,-3.3429313,-3.388469777,-3.399643066,-3.356649942,other,other,other
P01023_YGAATFTR(pa)TGK_,P01023,VALHALSKYGAATFTRTGKAAQVTIQSSGTF,A2M(R1271),10,40,0.582171784,-0.035099385,-0.002201939,-3.47373328,-3.438633895,-3.447435329,-3.44523339,other,other,other
P01024_CR(pa)EALK_,P01024,VQVGQQRTFISPIKCREALKLEEKKHYLMWG,C3(R1591),6,21,0.906845766,-0.003516307,-0.024156599,-2.214464671,-2.210948363,-2.233696845,-2.209540246,other,other,other
P01024_LGR(pa)EGVQK_,P01024,NKTVAVRTLDPERLGREGVQKEDIPPADLSD,C3(R954),16,43,0.32326546,0.026488503,0.074817233,-1.343800375,-1.370288878,-1.351200143,-1.426017376,other,other,other
P01024_NR(pa)WEDPGK_,P01024,GPLLNKFLTTAKDKNRWEDPGKQLYNVEATS,C3(R1219),6,23,0.569722586,-0.059913116,-0.039851752,-2.848410174,-2.788497058,-2.851295765,-2.811444013,other,other,other
P01024_QLANGVDR(pa)YISK_,P01024,APDTDDLKQLANGVDRYISKYELDKAFSDRN,C3(R1427),13,40,0.851068392,0.050744008,-0.014706539,-3.641142494,-3.691886502,-3.657908667,-3.643202128,other,other,other
P01024_R(pa)QGALELIK_,P01024,YLDETEQWEKFGLEKRQGALELIKKGYTQQL,C3(R1042),16,41,0.457833915,0.02928412,0.038176462,-3.20325631,-3.232540429,-3.190028216,-3.228204679,other,other,other
P01042_AR(pa)VQVVAGK_,P01042,NNATFYFKIDNVKKARVQVVAGKKYFIDFVA,KNG1(R308),16,46,0.980618733,0.058056311,0.030830417,-1.937472114,-1.995528425,-1.915431166,-1.946261583,other,other,other
P01833_AAGSR(pa)DVSLAK_,P01833,AAVYVAVEERKAAGSRDVSLAKADAAPDEKV,PIGR(R571),10,22,0.242746822,-0.049532505,-0.114686351,-0.163786807,-0.114254302,-0.109745888,0.004940463,other,other,other
P01834_SFNR(pa)GEC_,P01834,VTHQGLSSPVTKSFNRGECXXXXXXXXXXXX,IGKC(R104),7,21,0.341329197,0.074980018,0.012009786,-0.577458681,-0.652438699,-0.614447523,-0.626457309,other,other,up
P01860_SCDTPPPCPR(pa)CPEPK_,P01860,RCPEPKSCDTPPPCPRCPEPKSCDTPPPCPR,IGHG3(R128),16,41,0.907688279,0.019744121,-0.03386055,-4.286004313,-4.305748433,-4.283494032,-4.249633482,other,other,up
P01871_QIQVSWLR(pa)EGK_,P01871,QATGFSPRQIQVSWLREGKQVGSGVTTDQVQ,IGHM(R150),10,23,0.149741085,-0.070367116,-0.0836126,-3.683426626,-3.61305951,-3.669531676,-3.585919076,other,other,other
P01871_VTER(pa)TVDK_,P01871,TCVVAHEALPNRVTERTVDKSTGKPTLYNVS,IGHM(R427),16,42,0.251194831,-0.030515264,-0.029398245,-3.539417375,-3.508902111,-3.517979975,-3.48858173,other,other,other
P01876_TIDR(pa)LAGK_,P01876,GHEALPLAFTQKTIDRLAGKPTHVNVSVVMA,IGHA1(R331),17,42,0.160171046,-0.099149655,-0.078546382,0.057970581,0.157120236,0.075095176,0.153641559,other,other,down
P01876_WLQGSQELPR(pa)EK_,P01876,KDVLVRWLQGSQELPREKYLTWASRQEPSQG,IGHA1(R273),16,43,0.233238585,-0.008477181,-0.023185021,-4.076829089,-4.068351907,-4.064526513,-4.041341491,other,other,down
P02545_FVR(pa)LR(pa)NK_,P02545,GRVAVEEVDEEGKFVRLRNKSNEDQSMGNWQ,LMNA(R453;R455),10,29,0.961301136,-0.020685943,0.0205994,-1.754667618,-1.733981675,-1.733909765,-1.754509164,other,other,other
P02545_ITR(pa)LQEK_,P02545,GAQASSTPLSPTRITRLQEKEDLQELNDRLA,LMNA(R28),12,27,0.878669646,-0.02897823,0.01705831,-1.53153409,-1.502555859,-1.509531761,-1.526590071,other,other,other
P02545_NIYSEELR(pa)ETK_,P02545,KEELDFQKNIYSEELRETKRRHETRLVEIDN,LMNA(R216),8,38,0.303656133,0.03895277,0.026867401,-0.876612103,-0.915564873,-0.967387455,-0.994254856,other,other,other
P02647_ENGGAR(pa)LAEYHAK_,P02647,RLAARLEALKENGGARLAEYHAKATEHLSTL,APOA1(R212),14,27,0.48990724,-0.087220752,-0.073882509,-3.200687021,-3.113466269,-3.185919707,-3.112037197,other,other,other
P02647_ETEGLR(pa)QEMSK_,P02647,TQEFWDNLEKETEGLRQEMSKDLEEVKAKVQ,APOA1(R107),15,33,0.60027707,-0.043450846,-0.028731513,-3.153792354,-3.110341508,-3.157754204,-3.129022691,other,other,other
P02647_LAAR(pa)LEALK_,P02647,HLAPYSDELRQRLAARLEALKENGGARLAEY,APOA1(R201),6,24,0.303557282,-0.060897557,-0.08445636,-4.481487827,-4.42059027,-4.501811792,-4.417355433,other,other,other
P02647_LSPLGEEMR(pa)DR(pa)AR_,P02647,LHELQEKLSPLGEEMRDRARAHVDALRTHLA,APOA1(R173;R175),7,19,0.320728657,0.178628526,0.146967729,-1.579304379,-1.757932905,-1.538071998,-1.685039727,other,other,other
P02647_VEPLR(pa)AELQEGAR(pa)QK_,P02647,RQKVEPLRAELQEGARQKLHELQEKLSPLGE,APOA1(R147;R155),15,36,0.909159051,0,-0.013487073,-4.138950348,-4.138950348,-4.174867674,-4.161380601,other,other,other
P02647_WQEEMELYR(pa)QK_,P02647,LDDFQKKWQEEMELYRQKVEPLRAELQEGAR,APOA1(R140),16,39,0.416388546,0.007620458,-0.068145837,-2.952165885,-2.959786343,-2.96535508,-2.897209243,other,other,other
P02649_EQVAEVR(pa)AK_,P02649,TRDRLDEVKEQVAEVRAKLEEQAQQIRLQAE,APOE(R258),7,19,0.7244219,-0.0002258,-0.021124764,-3.001806436,-3.001580636,-2.97645673,-2.955331966,other,other,other
P02649_LLR(pa)DADDLQK_,P02649,VRLASHLRKLRKRLLRDADDLQKRLAVYQAG,APOE(R168),8,21,0.326959911,0.067658033,0.02543969,-2.186852001,-2.254510034,-2.201613827,-2.227053517,other,other,other
P02649_R(pa)LLR(pa)DADDLQK_,P02649,ELRVRLASHLRKLRKRLLRDADDLQKRLAVY,APOE(R165;R168),5,8,0.087366616,0.168038136,0.184133425,-2.592416838,-2.760454974,-2.552381595,-2.73651502,other,other,other
P02671_CPSGCR(pa)MK_,P02671,FCSDEDWNYKCPSGCRMKGLIDEVNQDFTNR,FGA(R69),16,40,0.470644736,0,-0.131754764,-4.324472028,-4.324472028,-4.337704207,-4.205949443,other,other,other
P02671_DLLPSR(pa)DR_,P02671,QKQLEQVIAKDLLPSRDRQHLPLIKMKPVPD,FGA(R216),9,27,0.85498661,-0.073985874,-0.043766565,-1.196628149,-1.122642275,-1.152188267,-1.108421703,other,other,other
P02671_DR(pa)QHLPLIK_,P02671,QLEQVIAKDLLPSRDRQHLPLIKMKPVPDLV,FGA(R218),13,28,0.058113964,0.059775522,0.097673886,-3.100222865,-3.159998387,-3.053510529,-3.151184415,other,other,other
P02671_GDFSSANNR(pa)DNTYNR_,P02671,NIMEILRGDFSSANNRDNTYNRVSEDLRSRI,FGA(R123),17,47,0.257250772,-0.003370937,-0.072339094,-3.755755626,-3.752384689,-3.765320193,-3.692981099,other,other,other
P02671_GPR(pa)VVER_,P02671,GEGDFLAEGGGVRGPRVVERHQSACKDSDWP,FGA(R38),4,8,0.364679758,-0.060586585,-0.10481152,-2.354938426,-2.294351841,-2.313156659,-2.208345139,other,other,other
P02671_GSCSR(pa)ALAR(pa)EVDLK_,P02671,VDIDIKIRSCRGSCSRALAREVDLKDYEDQQ,FGA(R186;R190),14,39,0.730580548,0.089604805,-0.001294064,-4.171130276,-4.260735081,-4.190012658,-4.188718594,other,other,other
P02671_NVR(pa)AQLVDMK_,P02671,VIEKVQHIQLLQKNVRAQLVDMKRLEVDIDI,FGA(R160),16,42,0.655895803,-0.004501589,-0.0320717,-2.144357013,-2.139855424,-2.158021327,-2.125949628,other,other,other
P02671_QFTSSTSYNR(pa)GDSTFESK_,P02671,SSSYSKQFTSSTSYNRGDSTFESKSYKMADE,FGA(R591),16,35,0.152542236,0.007229946,0.109408173,-5.867039674,-5.87426962,-5.857823986,-5.967232159,other,other,other
P02671_R(pa)EYHTEK_,P02671,GTFEEVSGNVSPGTRREYHTEKLVTSKGDKE,FGA(R426),14,26,0.700467245,0.054151922,0.057448436,-2.183233309,-2.237385231,-2.102015404,-2.15946384,other,other,other
P02671_SCR(pa)GSCSR(pa)ALAR_,P02671,MKRLEVDIDIKIRSCRGSCSRALAREVDLKD,FGA(R181;R186),10,25,0.854556875,0.056668909,0.015880268,-2.817904145,-2.874573054,-2.793244267,-2.809124535,other,other,other
P02671_VTSGSTTTTR(pa)R(pa)SCSK_,P02671,RTGKEKVTSGSTTTTRRSCSKTVTKTVIGPD,FGA(R458;R459),17,45,0.911406962,0.06110365,-0.022638897,-5.628705058,-5.689808708,-5.642944608,-5.620305711,other,other,other
P02675_ECEEIIR(pa)K_,P02675,CNIPVVSGKECEEIIRKGGETSEMYLIQPDS,FGB(R246),13,38,0.285502122,0.026839435,0.027166545,-3.112404049,-3.139243485,-3.098717294,-3.125883839,other,other,other
P02675_IR(pa)PFFPQQ_,P02675,WKGSWYSMRKMSMKIRPFFPQQXXXXXXXXX,FGB(R485),1,6,0.207196298,-0.491383075,-0.558012603,-4.635111785,-4.143728711,-4.635111785,-4.077099182,other,other,other
P02675_R(pa)EEAPSLR_,P02675,EGFFSARGHRPLDKKREEAPSLRPAPPPISG,FGB(R53),9,33,0.791916083,0.088302944,-0.00887504,-1.145282772,-1.233585716,-1.207518327,-1.198643287,other,other,other
P02675_SILENLR(pa)SK_,P02675,IPTNLRVLRSILENLRSKIQKLESDVSAQME,FGB(R206),11,38,0.71755347,-0.009534034,-0.024752311,-2.760211514,-2.75067748,-2.777155902,-2.752403591,other,other,other
P02679_R(pa)LDGSVDFK_,P02679,CEIDGSGNGWTVFQKRLDGSVDFKKNWIQYK,FGG(R223),16,38,0.871582708,-0.003247745,-0.090185649,-2.335536972,-2.332289227,-2.424062264,-2.333876615,other,other,other
P02749_ATVVYQGER(pa)VK_,P02749,CKVPVKKATVVYQGERVKIQEKFKNGMLHGD,APOH(R279),17,46,0.714049403,0,-0.000114187,-3.653511431,-3.653511431,-3.665016395,-3.664902208,other,other,other
P02749_LPECR(pa)EVK_,P02749,ITCTTHGNWTKLPECREVKCPFPSRPDNGFV,APOH(R201),4,15,0.203392197,-0.041866611,-0.057074025,-0.607641137,-0.565774526,-0.633212872,-0.576138847,other,other,other
P02751_SEPLIGR(pa)K_,P02751,VIALKNNQKSEPLIGRKKTDELPQLVTLPHP,FN1(R1988),10,24,0.538120652,0,-0.041654926,-3.430289174,-3.430289174,-3.413533041,-3.371878115,other,other,other
P02774_SR(pa)LSNLIK_,P02774,NRVCSQYAAYGEKKSRLSNLIKLAQKVPTAD,GC(R232),9,22,1,-0.00093174,0.046665465,-1.507839722,-1.506907982,-1.471639941,-1.518305406,other,other,other
P02787_AVGNLR(pa)K_,P02787,EKYLGEEYVKAVGNLRKCSTSSLLEACTFRR,TF(R682),8,21,0.290542857,0.059571103,0.062132092,-4.210135837,-4.26970694,-4.217435033,-4.279567126,other,other,other
P02787_DSGFQMNQLR(pa)GK_,P02787,VAVVKKDSGFQMNQLRGKKSCHTGLGRSAGW,TF(R132),15,43,0.943035752,0,-0.009064096,-4.55784626,-4.55784626,-4.547618804,-4.538554708,other,other,other
P02787_DYELLCLDGTR(pa)K_,P02787,NLNEKDYELLCLDGTRKPVEEYANCHLARAP,TF(R587),14,32,0.666526091,-0.03346478,0.040044621,-6.16296078,-6.129496,-6.115264488,-6.155309109,other,other,other
P02787_LHDR(pa)NTYEK_,P02787,LLFRDDTVCLAKLHDRNTYEKYLGEEYVKAV,TF(R663),17,46,0.882306757,0.00036861,0.028651977,-5.338443833,-5.338812444,-5.299860215,-5.328512192,other,other,other
P02787_VPPR(pa)MDAK_,P02787,LLFKDSAHGFLKVPPRMDAKMYLGYEYVTAI,TF(R327),13,39,0.494997796,-0.009432612,-0.052747334,-2.735502424,-2.726069812,-2.743024162,-2.690276828,other,other,other
P02790_WDR(pa)ELISER_,P02790,LFFKGEFVWKSHKWDRELISERWKNFPSPVD,HPX(R83),15,40,0.962084447,0.007026824,-0.000463972,-0.219339709,-0.226366533,-0.179361731,-0.17889776,other,other,other
P04075_ADDGR(pa)PFPQVIK_,P04075,VILFHETLYQKADDGRPFPQVIKSKGGVVGI,ALDOA(R92),6,17,0.94297424,-0.015334628,-0.015261188,-2.408658832,-2.393324204,-2.418544552,-2.403283364,other,other,other
P04075_R(pa)ALANSLACQGK_,P04075,GKKENLKAAQEEYVKRALANSLACQGKYTPS,ALDOA(R331),6,30,0.68460251,-0.000363979,-0.046694086,-2.17239453,-2.172030551,-2.234979954,-2.188285868,other,other,other
P04083_R(pa)NNAQR(pa)QQIK_,P04083,VKGVDEATIIDILTKRNNAQRQQIKAAYLQE,ANXA1(R72;R77),16,41,0.524823161,-0.017655522,-0.091201292,-3.10446611,-3.086810588,-3.133875134,-3.042673842,other,other,other
P04114_EDR(pa)ALVDTLK_,P04114,EQYSVSATYELQREDRALVDTLKFVTQAEGA,APOB(R1027),8,11,0.647698266,-0.075487805,-0.055901206,-2.46000683,-2.384519025,-2.447470699,-2.391569493,other,other,other
P04114_INSR(pa)FFGEGTK_,P04114,VTQTLKLEDTPKINSRFFGEGTKKMGLAFES,APOB(R297),7,19,0.25874239,0.122772276,0.082456147,-3.971533317,-4.094305593,-4.003928217,-4.086384364,other,other,other
P04406_LVTR(pa)AAFNSGK_,P04406,KVGVNGFGRIGRLVTRAAFNSGKVDIVAIND,GAPDH(R20),13,25,0.685881824,0,-0.044428116,0.484481823,0.484481823,0.432071908,0.476500024,other,other,other
P04406_VGVNGFGR(pa)IGR_,P04406,XXXMGKVKVGVNGFGRIGRLVTRAAFNSGKV,GAPDH(R13),4,13,0.247121182,-0.157876724,-0.115091361,-1.349205932,-1.191329208,-1.333307617,-1.218216255,other,other,other
P04844_SVASR(pa)ATVLQK_,P04844,TQATVKLEHAKSVASRATVLQKTSFTPVGDV,RPN2(R316),15,38,0.089276734,-0.053447694,-0.07626468,-3.533115258,-3.479667564,-3.527191946,-3.450927266,other,other,other
P05023_LNIPVSQVNPR(pa)DAK_,P05023,DIAARLNIPVSQVNPRDAKACVVHGSDLKDM,ATP1A1(R658),10,21,0.310006203,-0.562161655,-0.182943712,-3.535162643,-2.973000988,-3.195360661,-3.012416949,other,other,other
P05023_R(pa)AVAGDASESALLK_,P05023,RAVFQANQENLPILKRAVAGDASESALLKCI,ATP1A1(R445),12,30,0.00141203,0.173013325,0.225765225,-2.292230531,-2.465243856,-2.282530659,-2.508295885,up,up,other
P05026_TEISFR(pa)PNDPK_,P05026,GLTQIPQIQKTEISFRPNDPKSYEAYVLNIV,ATP1B1(R91),6,14,0.085578774,0.015395029,0.107086136,-2.090021133,-2.105416162,-2.032322966,-2.139409102,other,other,other
P05062_AHR(pa)FPALTQEQK_,P05062,XXXXXXXXXXXXMAHRFPALTQEQKKELSEI,ALDOB(R4),12,41,0.073107364,-0.041779914,-0.118199114,-1.492504429,-1.450724515,-1.487151174,-1.36895206,other,other,other
P05062_LFR(pa)NILK_,P05062,FHETLYQKDSQGKLFRNILKEKGIVVGIKLD,ALDOB(R95),6,20,0.230491266,0.022316875,0.069355886,-4.873310373,-4.895627247,-4.856771505,-4.926127391,other,other,other
P05062_R(pa)AMANCQAAK_,P05062,GKAANKEATQEAFMKRAMANCQAAKGQYVHT,ALDOB(R331),16,45,0.967107979,0.007757746,0.011595808,-5.356870932,-5.364628677,-5.352485696,-5.364081504,other,other,other
P05062_VENTEENR(pa)R(pa)QFR_,P05062,GNRLQRIKVENTEENRRQFREILFSVDSSIN,ALDOB(R56;R57),12,28,0.59254051,0,-0.023407694,-2.433473024,-2.433473024,-2.441489624,-2.41808193,other,other,other
P05091_SR(pa)VVGNPFDSK_,P05091,IYDEFVERSVARAKSRVVGNPFDSKTEQGPQ,ALDH2(R346),8,31,0.526623251,0.026008064,0.053288447,-1.59269609,-1.618704154,-1.528782076,-1.582070523,other,other,other
P05141_AGAER(pa)EFR_,P05141,ARTRLAADVGKAGAEREFRGLGDCLVKIYKS,SLC25A5(R152),9,19,0.123826187,-0.117920145,-0.166366863,-0.087991483,0.029928662,-0.140499699,0.025867163,other,other,other
P05141_TR(pa)LAADVGK_,P05141,ATSLCFVYPLDFARTRLAADVGKAGAEREFR,SLC25A5(R140),13,32,0.053992282,-0.065753746,-0.062338608,-2.284352616,-2.21859887,-2.277812108,-2.2154735,other,other,other
P05783_ASLENSLR(pa)EVEAR_,P05783,LDSMRNLKASLENSLREVEARYALQMEQLNG,KRT18(R325),3,13,0.020589238,-0.110258058,-0.130582148,-1.443878959,-1.333620901,-1.431072964,-1.300490816,other,other,other
P05783_TTTR(pa)R(pa)IVDGK_,P05783,LDSSNSMQTIQKTTTRRIVDGKVVSETNDTK,KRT18(R411;R412),14,34,0.63933554,0.030987323,0.018009004,-2.804138316,-2.835125639,-2.774350813,-2.792359818,other,other,other
P06576_TIAMDGTEGLVR(pa)GQK_,P06576,STVRTIAMDGTEGLVRGQKVLDSGAPIKIPV,ATP5F1B(R121),6,21,0.928422717,0.015792129,-0.011506142,-4.127399732,-4.143191861,-4.096784774,-4.085278632,other,other,other
P06727_GR(pa)LTPYADEFK_,P06727,ELKAKIDQNVEELKGRLTPYADEFKVKIDQT,APOA4(R200),13,28,0.388029288,-0.002212364,-0.049124997,-3.142575405,-3.140363041,-3.152759867,-3.10363487,other,other,other
P06733_FAGR(pa)NFR(pa)NPLAK_,P06733,LRIEEELGSKAKFAGRNFRNPLAKXXXXXXX,ENO1(R426;R429),11,30,0.80118488,0,0.082313241,-4.39891996,-4.39891996,-4.294249154,-4.376562394,other,other,other
P06733_NFR(pa)NPLAK_,P06733,EEELGSKAKFAGRNFRNPLAKXXXXXXXXXX,ENO1(R429),6,20,0.34387244,-0.005032143,-0.078338961,-2.589849509,-2.584817366,-2.677196327,-2.598857366,other,other,other
P06744_AALTR(pa)DPQFQK_,P06744,XXXXXXXXXXMAALTRDPQFQKLQQWYREHR,GPI(R6),8,20,0.514133655,0,-0.026706656,-1.126453082,-1.126453082,-1.108263195,-1.081556538,other,other,other
P06744_QQR(pa)EAR(pa)VQ_,P06744,HDASTNGLINFIKQQREARVQXXXXXXXXXX,GPI(R553;R556),9,22,0.538051901,-0.025256583,0.081898621,-1.180299882,-1.1550433,-1.160364749,-1.24226337,other,other,other
P06744_SFCQR(pa)VR(pa)SGDWK_,P06744,PEVNKVLDKMKSFCQRVRSGDWKGYTGKTIT,GPI(R135;R137),13,29,1,0.0722329,-0.018408407,-3.002839378,-3.075072278,-3.057258925,-3.038850518,other,other,other
P06748_SIR(pa)DTPAK_,P06748,DDEEAEEKAPVKKSIRDTPAKNAQKSNQNGK,NPM1(R197),6,28,0.300383543,-0.029432899,-0.025424386,-1.329073708,-1.299640809,-1.346968465,-1.321544079,other,other,other
P07237_FFR(pa)NGDTASPK_,P07237,AQQYGVRGYPTIKFFRNGDTASPKEYTAGRE,P4HB(R106),8,21,0.195546818,-0.053676328,-0.148459614,-2.966241563,-2.912565234,-3.038400263,-2.889940649,other,other,other
P07305_NR(pa)AGSSR(pa)QSIQK_,P07305,KYSDMIVAAIQAEKNRAGSSRQSIQKYIKSH,H1-0(R42;R47),16,42,0.052661954,-0.024793112,-0.0919599,-4.825231283,-4.800438171,-4.829069816,-4.737109916,other,other,other
P07305_R(pa)LVTTGVLK_,P07305,KVGENADSQIKLSIKRLVTTGVLKQTKGVGA,H1-0(R74),10,38,0.600025932,0.124081384,0.09462692,-2.68472454,-2.808805923,-2.686269877,-2.780896797,other,other,other
P07339_VER(pa)QVFGEATK_,P07339,QSASSASALGGVKVERQVFGEATKQPGITFI,CTSD(R176),15,44,0.466265168,-0.001396981,0.005594698,-1.989391411,-1.98799443,-1.954975192,-1.960569889,other,other,other
P07355_DIISDTSGDFR(pa)K_,P07355,TDLEKDIISDTSGDFRKLMVALAKGRRAEDG,ANXA2(R168),13,40,0.410666497,-0.020206276,-0.079598255,-2.685297798,-2.665091523,-2.714272709,-2.634674453,other,other,other
P07355_IR(pa)SEFK_,P07355,IRIMVSRSEVDMLKIRSEFKRKYGKSLYYYI,ANXA2(R304),12,33,0.857206467,0.089201481,0.018083153,-2.641917339,-2.731118819,-2.690919909,-2.709003062,other,other,other
P07585_ISR(pa)VDAASLK_,P07585,PPSLTELHLDGNKISRVDAASLKGLNNLAKL,DCN(R235),11,35,1,-0.020945188,0.069002236,-1.206845626,-1.185900438,-1.119925371,-1.188927607,other,other,other
P07585_LER(pa)LYLSK_,P07585,SKVSPGAFTPLVKLERLYLSKNQLKELPEKM,DCN(R133),9,28,0.181422985,-0.05612233,-0.091088385,-4.104171445,-4.048049116,-4.103113266,-4.012024881,other,other,other
P07900_IR(pa)YESLTDPSK_,P07900,LRELISNSSDALDKIRYESLTDPSKLDSGKE,HSP90AA1(R60),1,16,0.904861129,0,0.010501595,-2.767323456,-2.767323456,-2.767323456,-2.777825051,other,other,other
P08603_ENER(pa)FQYK_,P08603,NGSPISQKIIYKENERFQYKCNMGYEYSERG,CFH(R232),11,33,0.703473318,-5.72E-05,-0.032503797,-3.597745743,-3.597688542,-3.635134227,-3.602630431,other,other,other
P08603_R(pa)ITCR(pa)NGQWSEPPK_,P08603,VEYQCQNLYQLEGNKRITCRNGQWSEPPKCL,CFH(R1149;R1153),9,18,0.657631364,0,0.004138811,-3.130144843,-3.130144843,-3.142098355,-3.146237166,other,other,other
P08603_SCDIPVFMNAR(pa)TK_,P08603,PTCIKSCDIPVFMNARTKNDFTWFKLNDTLD,CFH(R518),8,25,0.213909113,0.158981054,0.079176042,-4.469995474,-4.628976527,-4.555067168,-4.63424321,other,other,other
P08670_AR(pa)VEVER_,P08670,RELRRQVDQLTNDKARVEVERDNLAEDIMRL,VIM(R170),17,46,0.85769161,-0.009572397,0.020839199,-1.438803649,-1.429231252,-1.412512592,-1.433351791,other,other,other
P08670_FADLSEAANR(pa)NNDALR_,P08670,EWYKSKFADLSEAANRNNDALRQAKQESTEY,VIM(R304),14,36,0.736006191,0.008331517,0.001513343,-3.319751533,-3.32808305,-3.311734387,-3.31324773,other,other,other
P08670_GTNESLER(pa)QMR_,P08670,TCEVDALKGTNESLERQMREMEENFAVEAAN,VIM(R342),10,30,0.420469746,-0.015910701,-0.020740978,-2.314301406,-2.298390706,-2.290005234,-2.269264256,other,other,other
P08670_NNDALR(pa)QAK_,P08670,FADLSEAANRNNDALRQAKQESTEYRRQVQS,VIM(R310),17,44,0.691931054,0.016909553,-0.022944345,-3.34899306,-3.365902613,-3.328951117,-3.306006772,other,other,other
P08670_R(pa)QVDQLTNDK_,P08670,SRLGDLYEEEMRELRRQVDQLTNDKARVEVE,VIM(R159),12,32,0.300277659,-0.012024256,-0.057844921,-4.0443194,-4.032295144,-4.054830011,-3.996985089,other,other,other
P08670_SR(pa)LGDLYEEEMR_,P08670,ILLAELEQLKGQGKSRLGDLYEEEMRELRRQ,VIM(R145),15,41,0.709422588,0.055224718,-0.021951934,-2.004413917,-2.059638635,-2.010809987,-1.988858052,other,other,other
P08708_AAR(pa)VIIEK_,P08708,XXMGRVRTKTVKKAARVIIEKYYTRLGNDFH,RPS17(R14),13,32,0.678062948,0.009981009,0.027691195,-3.260486916,-3.270467925,-3.239898181,-3.267589376,other,other,#N/A
P09382_VR(pa)GEVAPDAK_,P09382,VASNLNLKPGECLRVRGEVAPDAKSFVLNLG,LGALS1(R21),10,32,0.964306109,-0.006261868,0.007493788,-1.95387196,-1.947610092,-1.955079671,-1.962573458,other,other,other
P09493_HIAEDADR(pa)K_,P09493,EIQLKEAKHIAEDADRKYEEVARKLVIIESD,TPM1(R160),7,15,0.2848408,0.053403572,0.052866461,-3.062901257,-3.116304829,-3.047254799,-3.10012126,other,other,down
P09493_VIESR(pa)AQK_,P09493,KAADESERGMKVIESRAQKDEEKMEIQEIQL,TPM1(R133),16,39,0.81543881,0.019503588,0.000181765,-3.084656703,-3.104160291,-3.07639176,-3.076573525,other,other,down
P09669_FR(pa)VADQR(pa)K_,P09669,VAFVLSLGVAALYKFRVADQRKKAYADFYRN,COX6C(R40;R45),15,37,0.568971333,0,-0.065531024,-1.759809162,-1.759809162,-1.86370166,-1.798170635,other,other,other
P0C0L4_QR(pa)VEASISK_,P0C0L4,GLAVFQDEGAEPLKQRVEASISKANSFLGEK,C4A(R1167),10,18,0.885409393,-0.011961204,0.009958505,-2.982475263,-2.970514059,-2.950491149,-2.960449655,other,other,other
P10515_GR(pa)VFVSPLAK_,P10515,TPSAPCPATPAGPKGRVFVSPLAKKLAVEKG,DLAT(R354),16,35,0.547675234,-0.00023368,-0.032999931,-3.290991048,-3.290757368,-3.276169307,-3.243169375,other,other,other
P10643_NAR(pa)CVQK_,P10643,LCGSSLKWSPEMKNARCVQKENPLTQAVPKC,C7(R687),1,9,0.137394826,-0.212405737,-0.227209062,-2.199733465,-1.987327728,-2.199733465,-1.972524403,other,other,other
P10809_APGFGDNR(pa)K_,P10809,GLQVVAVKAPGFGDNRKNQLKDMAIATGGAV,HSPD1(R309),3,18,0.211681535,-0.207105377,-0.163493373,-2.351214303,-2.144108926,-2.309312264,-2.145818891,other,other,other
P10809_LNER(pa)LAK_,P10809,LDVTTSEYEKEKLNERLAKLSDGVAVLKVGG,HSPD1(R393),9,18,0.092332476,0.08899323,0.192918702,-1.640474418,-1.729467648,-1.547482059,-1.740400761,other,other,other
P10909_ALQEYR(pa)K_,P10909,PKFMETVAEKALQEYRKKHREEXXXXXXXXX,CLU(R443),9,28,0.531450517,0.002581607,0.048575679,-3.840775784,-3.843357391,-3.781445292,-3.830020971,other,other,other
P11021_DNR(pa)AVQK_,P11021,KLYKKKTGKDVRKDNRAVQKLRREVEKAKRA,HSPA5(R283),13,35,0.934842236,-0.017303423,-0.011626193,-2.51885386,-2.501550437,-2.534208064,-2.522581871,other,other,other
P11142_R(pa)NTTIPTK_,P11142,LGIETAGGVMTVLIKRNTTIPTKQTQTFTTY,HSPA8(R416),14,37,0.060355842,-0.141540442,-0.118440877,-3.074961792,-2.93342135,-3.070643327,-2.952202451,other,other,other
P11168_ER(pa)EEASSEQK_,P11168,GYDDVTKDINEMRKEREEASSEQKVSIIQLF,SLC2A2(R280),12,30,0.747628623,0.037560989,-0.034416917,-4.085751413,-4.123312402,-4.103757397,-4.069340479,other,other,#N/A
P11310_EFQATAR(pa)K_,P11310,SFEFTEQQKEFQATARKFAREEIIPVAAEYD,ACADM(R53),11,24,0.734052523,-0.022894138,-0.05885975,-2.653586705,-2.630692568,-2.663686122,-2.604826373,other,other,other
P12111_FR(pa)QSSPDSVK_,P12111,YVLTEDTLKVYLNKFRQSSPDSVKVVIHFTD,COL6A3(R1938),10,25,0.783599259,0.035656925,-0.011580322,-2.477221491,-2.512878415,-2.506449115,-2.494868793,other,other,other
P12111_R(pa)EVITAVR(pa)K_,P12111,DTVRPEFYFNTHPTKREVITAVRKMKPLDGS,COL6A3(R506;R513),11,31,0.29335424,0.007538716,-0.09504348,-2.347489788,-2.355028504,-2.401579071,-2.306535591,other,other,other
P12111_SSDR(pa)VDGPASNLK_,P12111,VLQFLVLLVAGRSSDRVDGPASNLKQSGVVP,COL6A3(R955),12,21,0.721411584,-0.004974906,0.022423171,-2.585805583,-2.580830677,-2.600077804,-2.622500975,other,other,other
P12277_R(pa)LR(pa)LQK_,P12277,LPNLGKHEKFSEVLKRLRLQKRGTGGVDTAA,CKB(R314;R316),8,14,0.14513369,-0.055962482,-0.025021358,-0.920533777,-0.864571295,-0.880200751,-0.855179393,other,other,other
P13073_VELYR(pa)IK_,P13073,ASWSSLSMDEKVELYRIKFKESFAEMNRGSN,COX4I1(R83),5,13,0.051974721,-0.415332191,-0.285822671,-2.506946978,-2.091614787,-2.465033899,-2.179211228,other,other,other
P13639_GEGQLGPAER(pa)AK_,P13639,AKFAAKGEGQLGPAERAKKVEDMMKKLWGDR,EEF2(R249),16,37,0.633810132,0.013842506,0.023593145,-1.213666716,-1.227509222,-1.199079764,-1.222672909,other,other,other
P13804_VVVSGGR(pa)GLK_,P13804,DRPELTGAKVVVSGGRGLKSGENFKLLYDLA,ETFA(R223),10,36,0.083909332,-0.044431799,-0.071031723,-1.886106731,-1.841674931,-1.885591276,-1.814559552,other,other,other
P14174_IGGAQNR(pa)SYSK_,P14174,LCSLHSIGKIGGAQNRSYSKLLCGLLAERLR,MIF(R74),3,15,0.585106259,-0.065831429,-0.033606296,-2.323899218,-2.258067789,-2.295121524,-2.261515228,other,other,other
P14550_AVPR(pa)EELFVTSK_,P14550,GEALKEDVGPGKAVPREELFVTSKLWNTKHH,AKR1A1(R72),16,34,0.340788259,-0.005515602,-0.059948199,-2.906660921,-2.901145318,-2.894235709,-2.83428751,other,other,other
P14618_APIIAVTR(pa)NPQTAR_,P14618,QVARYRPRAPIIAVTRNPQTARQAHLYRGIF,PKM(R455),16,44,0.538503821,0.046604385,0.050462287,-3.001712701,-3.048317085,-2.966596933,-3.01705922,other,other,other
P14618_GPEIR(pa)TGLIK_,P14618,YRPVAVALDTKGPEIRTGLIKGSGTAEVELK,PKM(R120),10,35,0.545433517,0.029396994,0.060769248,-2.751617571,-2.781014565,-2.726861078,-2.787630326,other,other,other
P14625_ESR(pa)EAVEK_,P14625,KEGVKFDESEKTKESREAVEKEFEPLLNWMK,HSP90B1(R608),13,38,0.409115399,-0.07656083,-0.055532154,-2.792618618,-2.716057788,-2.777513431,-2.721981278,other,other,other
P14625_R(pa)FQNVAK_,P14625,VDEYCIQALPEFDGKRFQNVAKEGVKFDESE,HSP90B1(R587),11,33,0.274527042,-0.02795847,-0.04041284,-3.501635783,-3.473677313,-3.489133243,-3.448720402,other,other,other
P15121_SVTPER(pa)IAENFK_,P15121,MQRNLVVIPKSVTPERIAENFKVFDFELSSQ,AKR1B1(R269),10,27,0.558780271,0.018390186,0.050820056,-4.34676818,-4.365158365,-4.339716891,-4.390536947,other,other,other
P15311_AQAR(pa)EEK_,P15311,RKPDTIEVQQMKAQAREEKHQKQLERQQLET,EZR(R310),13,25,0.621929411,0,0.028057666,-3.9272716,-3.9272716,-3.923319991,-3.951377657,other,other,other
P15311_QLER(pa)QQLETEK_,P15311,MKAQAREEKHQKQLERQQLETEKKRRETVER,EZR(R320),8,17,0.072233139,-0.140623086,-0.100362144,-2.292060252,-2.151437166,-2.268222962,-2.167860818,other,other,other
P15311_TLR(pa)QIR(pa)QGNTK_,P15311,HNENMRQGRDKYKTLRQIRQGNTKQRIDEFE,EZR(R569;R572),10,25,0.674112933,0.005584668,-0.027136266,-3.661945271,-3.667529939,-3.682054819,-3.654918554,other,other,other
P15311_VSAQEVR(pa)K_,P15311,PTWLKLDKKVSAQEVRKENPLQFKFRAKFYP,EZR(R71),10,29,0.506993615,0.023521128,0.04524022,-2.221669599,-2.245190726,-2.176790884,-2.222031104,other,other,other
P16401_ER(pa)NGLSLAALK_,P16401,PVSELITKAVAASKERNGLSLAALKKALAAG,H1-5(R57),11,24,0.942867208,0,0.027472751,-4.745913927,-4.745913927,-4.713624905,-4.741097656,other,other,other
P16422_SLR(pa)TALQK_,P16422,LKHKAREKPYDSKSLRTALQKEITTRYQLDP,EPCAM(R163),6,20,0.69090903,-0.070705217,-0.045474049,-4.071850531,-4.001145314,-4.08495712,-4.039483071,other,other,other
P16662_R(pa)VINDPSYK_,P16662,DFNTMSSTDLLNALKRVINDPSYKENVMKLS,UGT2B7(R431),15,38,0.530580611,0.087424819,0.006706191,-2.889701867,-2.977126686,-2.941220914,-2.947927106,other,other,other
P18124_R(pa)R(pa)NFAELK_,P18124,KKKEVPAVPETLKKKRRNFAELKIKRLRKKF,RPL7(R22;R23),4,8,0.659736375,-0.075747973,-0.026853536,-1.615809362,-1.540061389,-1.626061049,-1.599207514,other,other,other
P18206_NR(pa)NFTVEK_,P18206,TKNSKNQGIEEALKNRNFTVEKMSAEINEII,VCL(R230),17,40,0.579928947,-0.005206016,-0.065001146,-1.409644164,-1.404438148,-1.415387019,-1.350385873,other,other,other
P19338_GQNQDYR(pa)GGK_,P19338,ISLYYTGEKGQNQDYRGGKNSTWSGESKTLV,NCL(R474),14,37,0.419822513,0.002694686,-0.071168558,-4.063626551,-4.066321237,-4.11240353,-4.041234972,other,other,other
P19827_R(pa)QAVDTAVDGVFIR_,P19827,PALGSATGRSKSSEKRQAVDTAVDGVFIRSL,ITIH1(R41),5,26,0.460670243,0,0.036222616,-2.324560559,-2.324560559,-2.28769703,-2.323919646,other,other,other
P19827_VTYDVSR(pa)DK_,P19827,TSLLNGHFKVTYDVSRDKICDLLVANNHFAH,ITIH1(R264),4,8,0.596577576,-0.024714388,-0.028696181,-1.449972758,-1.42525837,-1.454328303,-1.425632122,other,other,other
P20962_R(pa)AAEEEDEADPK_,P20962,DEEEEEEDDEGPALKRAAEEEDEADPKRQKT,PTMS(R81),8,17,0.053902727,-0.080004071,-0.112035751,-2.459330628,-2.379326557,-2.486411404,-2.374375653,other,other,#N/A
P21333_AEISFEDR(pa)K_,P21333,IAVEGPSKAEISFEDRKDGSCGVAYVVQEPG,FLNA(R2288),9,25,0.556491203,0,-0.031765338,-2.572917059,-2.572917059,-2.591043384,-2.559278046,other,other,other
P21333_AR(pa)GPGLEK_,P21333,IRDAPQDFHPDRVKARGPGLEKTGVAVNKPA,FLNA(R678),16,43,0.019977559,-0.036290977,-0.076631353,-3.067371271,-3.031080294,-3.111119118,-3.034487765,other,other,other
P21333_R(pa)LTVSSLQESGLK_,P21333,SPFVVPVASPSGDARRLTVSSLQESGLKVNQ,FLNA(R2334),14,38,0.597109835,0.028018905,0.020017168,-2.904812553,-2.932831458,-2.885198383,-2.905215551,other,other,other
P21333_VR(pa)AWGPGLEGGVVGK_,P21333,PFEVKVGTECGNQKVRAWGPGLEGGVVGKSA,FLNA(R580),14,26,1,-0.024020429,0.041712945,-5.725986041,-5.701965612,-5.666871961,-5.708584905,other,other,other
P21695_VAEAFAR(pa)TGK_,P21695,TCYGGRNRKVAEAFARTGKSIEQLEKELLNG,GPD1(R279),12,26,0.319251582,0.013271827,0.066710665,-1.242986039,-1.256257866,-1.231394106,-1.298104771,other,other,other
P21796_SAR(pa)DVFTK_,P21796,XMAVPPTYADLGKSARDVFTKGYGFGLIKLD,VDAC1(R15),15,40,0.493613935,0.034902236,0.048312089,-1.702738656,-1.737640892,-1.68178608,-1.73009817,other,other,other
P21796_SR(pa)VTQSNFAVGYK_,P21796,GWLAGYQMNFETAKSRVTQSNFAVGYKTDEF,VDAC1(R163),10,29,0.446506525,-0.015408224,0.0028217,-3.17198911,-3.156580886,-3.15625716,-3.159078861,other,other,other
P21810_AFSPLR(pa)K_,P21810,NNKISKIHEKAFSPLRKLQKLYISKNHLVEI,BGN(R138),6,19,0.031702463,-0.207658434,-0.287981249,-4.7067418,-4.499083366,-4.707147826,-4.419166577,down,down,other
P22307_FSDR(pa)TIPTDK_,P22307,FEKMSKGSLGIKFSDRTIPTDKHVDLLINKY,SCP2(R136),7,19,0.929316666,-0.019997405,0.030836147,-2.505987243,-2.485989838,-2.494294028,-2.525130175,other,other,other
P22626_TLETVPLER(pa)K_,P22626,XXXXMEKTLETVPLERKKREKEQFRKLFIGG,HNRNPA2B1(R12),7,29,0.29904843,-0.112171564,-0.057579551,-2.695802067,-2.583630503,-2.643344528,-2.585764978,other,other,other
P22695_ANYR(pa)GGEIR_,P22695,NMRGGLGLSGAKANYRGGEIREQNGDSLVHA,UQCRC2(R254),5,14,0.772901736,0,-0.040373507,-1.408781296,-1.408781296,-1.419581335,-1.379207828,other,other,other
P23284_VLEGMEVVR(pa)K_,P23284,KHVVFGKVLEGMEVVRKVESTKTDSRDKPLK,PPIB(R180),15,33,0.36548131,-0.027330001,0.048675015,-3.114602249,-3.087272248,-3.064923419,-3.113598435,other,other,other
P23528_DR(pa)CTLAEK_,P23528,IKHELQANCYEEVKDRCTLAEKLGGSAVISL,CFL1(R146),2,17,0.685632611,-0.013051143,-0.011698382,-3.255660458,-3.242609315,-3.255660458,-3.243962076,other,other,other
P25705_AVDSLVPIGR(pa)GQR_,P25705,MQTGIKAVDSLVPIGRGQRELIIGDRQTGKT,ATP5F1A(R204),12,36,0.895496671,-0.036752563,0.071730189,-1.422327733,-1.38557517,-1.303535923,-1.375266112,other,other,other
P25705_ISVR(pa)EPMQTGIK_,P25705,RVGLKAPGIIPRISVREPMQTGIKAVDSLVP,ATP5F1A(R186),15,43,0.082444188,-0.03257315,-0.073522873,-0.989433076,-0.956859926,-0.992791871,-0.919268998,other,other,other
P25705_R(pa)LTDADAMK_,P25705,VAIGQKRSTVAQLVKRLTDADAMKYTIVVSA,ATP5F1A(R262),17,43,0.00993328,-0.078943151,-0.164406626,-2.92678933,-2.847846179,-2.978705199,-2.814298573,other,down,other
P25705_R(pa)STVAQLVK_,P25705,EKKKLYCIYVAIGQKRSTVAQLVKRLTDADA,ATP5F1A(R253),10,34,0.560224157,0,-0.01540023,-2.23681684,-2.23681684,-2.240553615,-2.225153385,other,other,other
P25705_VGSAAQTR(pa)AMK_,P25705,NVGLSVSRVGSAAQTRAMKQVAGTMKLELAQ,ATP5F1A(R424),10,26,0.817790642,-0.019052292,-0.01184614,-2.03692233,-2.017870038,-2.022686328,-2.010840188,other,other,other
P26038_EALLQASR(pa)DQK_,P26038,RQEAEEAKEALLQASRDQKKTQEQLALEMAE,MSN(R408),16,40,0.094247333,0.060424263,0.118077332,-2.012580326,-2.07300459,-1.987556811,-2.105634143,other,other,other
P26038_VTAQDVR(pa)K_,P26038,STWLKLNKKVTAQDVRKESPLLFKFRAKFYP,MSN(R71),1,3,NA,0,0,-2.483171112,-2.483171112,-2.483171112,-2.483171112,other,other,other
P27348_YLAEVACGDDR(pa)K_,P27348,GDYFRYLAEVACGDDRKQTIDNSQGAYQEAF,YWHAQ(R138),4,11,0.69754759,0,-0.071209339,-1.578540268,-1.578540268,-1.640121843,-1.568912504,other,other,other
P27824_GLVLMSR(pa)AK_,P27824,KESKLPGDKGLVLMSRAKHHAISAKLNKPFL,CANX(R125),14,43,0.250982059,-0.00143335,-0.053397369,-2.403256776,-2.401823426,-2.383118232,-2.329720862,other,other,other
P29401_GR(pa)GITGVEDK_,P29401,AKHQPTAIIAKTFKGRGITGVEDKESWHGKP,TKT(R246),14,35,0.779943927,0.011344456,-0.00669123,-3.061254948,-3.072599404,-3.029176087,-3.022484856,other,other,other
P29972_SSDLTDR(pa)VK_,P29972,IYDFILAPRSSDLTDRVKVWTSGQVEEYDLD,AQP1(R241),10,32,0.777578636,-0.015702195,-0.033409608,-2.477953117,-2.462250922,-2.504160214,-2.470750606,other,other,other
P30038_AIEAALAAR(pa)K_,P30038,DKSLLNKAIEAALAARKEWDLKPIADRAQIF,ALDH4A1(R113),9,18,0.246437651,0.012363932,0.091636958,-0.946671134,-0.959035066,-0.871619032,-0.96325599,other,other,other
P30041_R(pa)VATPVDWK_,P30041,EILRVVISLQLTAEKRVATPVDWKDGDSVMV,PRDX6(R174),5,29,0.548978828,0.063584029,0.017539752,-2.591537364,-2.655121393,-2.583917412,-2.601457164,other,other,other
P30043_VLR(pa)ESGLK_,P30043,LQAVTDDHIRMHKVLRESGLKYVAVMPPHIG,BLVRB(R140),3,22,0.798428392,-0.072228862,0.002970915,-2.238609905,-2.166381043,-2.187991999,-2.190962914,other,other,other
P30084_NNTVGLIQLNR(pa)PK_,P30084,EKRGKNNTVGLIQLNRPKALNALCDGLIDEL,ECHS1(R54),12,39,0.763094888,0.036400585,-0.02749374,-4.174783383,-4.211183968,-4.15584113,-4.12834739,other,other,other
P30086_NR(pa)PTSISWDGLDSGK_,P30086,VDELGKVLTPTQVKNRPTSISWDGLDSGKLY,PEBP1(R49),12,32,0.863152718,-0.013332947,0.006648516,-4.242708952,-4.229376005,-4.235897062,-4.242545578,other,other,other
P30086_VASFR(pa)K_,P30086,NRSGDHRGKFKVASFRKKYELRAPVAGTCYQ,PEBP1(R155),4,16,0.385083025,-0.040906754,-0.004289567,-4.408506331,-4.367599576,-4.370375837,-4.366086269,other,other,other
P30101_LNFAVASR(pa)K_,P30101,KFLDAGHKLNFAVASRKTFSHELSDFGLEST,PDIA3(R304),4,22,0.423048456,0.0647181,0.019646456,-3.07555389,-3.14027199,-3.077328862,-3.096975318,other,other,other
P31040_IYQR(pa)AFGGQSLK_,P31040,YGMPFSRTEDGKIYQRAFGGQSLKFGKGGQA,SDHA(R171),13,39,0.702204206,0,-0.034522548,-2.97166706,-2.97166706,-2.9903295,-2.955806952,other,other,other
P31327_EWPSNLDLR(pa)K_,P31327,PRLPMNKEWPSNLDLRKELSEPSSTRIYAIA,CPS1(R840),12,27,0.381714852,-0.296061034,-0.257777035,-2.904540558,-2.608479524,-2.74088559,-2.483108555,other,other,other
P31327_LR(pa)DADPILR_,P31327,DYVAIKAPMFSWPRLRDADPILRCEMASTGE,CPS1(R1319),10,25,0.350976318,0.094918655,0.042504472,-1.979958008,-2.074876663,-1.998322197,-2.040826669,other,other,other
P31327_LSR(pa)SSALASK_,P31327,TSMEYCIIEVNARLSRSSALASKATGYPLAF,CPS1(R721),10,24,0.954579974,0.026722788,-0.012877075,-1.848690574,-1.875413361,-1.840554756,-1.82767768,other,other,other
P31513_SR(pa)NNEIILFK_,P31513,YSFAYPFLDESIIKSRNNEIILFKGVFPPLL,FMO3(R346),13,36,0.811390979,-0.02550472,-0.003623544,-3.933530657,-3.908025937,-3.924625197,-3.921001653,other,other,other
P31930_NR(pa)PGSALEK_,P31930,AGYFLEHLAFKGTKNRPGSALEKEVESMGAH,UQCRC1(R104),13,28,0.591783369,-0.036118433,-0.063461006,-3.034781775,-2.998663342,-3.041355225,-2.97789422,other,other,other
P35268_AGNLGGGVVTIER(pa)SK_,P35268,NGKAGNLGGGVVTIERSKSKITVTSEVPFSK,RPL22(R65),3,14,0.395816477,0,-0.022484299,-4.012893002,-4.012893002,-4.050304554,-4.027820255,other,other,other
P35542_AEEWGR(pa)SGK_,P35542,VLEDSKSNEKAEEWGRSGKDPDRFRPDGLPK,SAA4(R113),8,24,0.429677145,0.033560179,0.041982326,-3.436439172,-3.469999351,-3.426985346,-3.468967672,other,other,other
P35579_AELER(pa)LNK_,P35579,ARALEEAMEQKAELERLNKQFRTEMEDLMSS,MYH9(R1497),7,12,0.641464263,-0.183118672,-0.005968636,-1.651041494,-1.467922822,-1.615834144,-1.609865508,other,other,other
P35579_ASR(pa)EEILAQAK_,P35579,QMKDCMRELDDTRASREEILAQAKENEKKLK,MYH9(R1661),13,30,0.293923135,0.050586229,0.074365685,-3.473018736,-3.523604965,-3.45699034,-3.531356025,other,other,other
P35579_ER(pa)QAACK_,P35579,KIAQLEEQLDNETKERQAACKQVRRTEKKLK,MYH9(R1830),5,12,0.109180891,0.092913513,0.082863747,-0.333205239,-0.426118752,-0.326102507,-0.408966254,other,other,other
P35579_NENAR(pa)QQLER_,P35579,DLNLERSHAQKNENARQQLERQNKELKVKLQ,MYH9(R1780),4,21,0.245526052,-0.067654876,-0.095080638,-2.135533899,-2.067879023,-2.179668341,-2.084587703,other,other,other
P35579_R(pa)EQEVNILK_,P35579,DTLDSTAAQQELRSKREQEVNILKKTLEEEA,MYH9(R1165),16,44,0.329224972,-0.028792397,-0.047002237,-2.16404307,-2.135250673,-2.147689832,-2.100687595,other,other,other
P35579_R(pa)QQQLTAMK_,P35579,QACCRGYLARKAFAKRQQQLTAMKVLQRNCA,MYH9(R802),1,6,1,0,0.000783265,-1.164352202,-1.164352202,-1.164352202,-1.165135468,other,other,other
P35579_SR(pa)AIR(pa)QAK_,P35579,YIVGANIETYLLEKSRAIRQAKEERTFHIFY,MYH9(R263;R266),14,30,0.192759274,-0.133228735,-0.146969781,-2.578418946,-2.445190212,-2.593274575,-2.446304794,other,other,other
P35579_VGR(pa)DYVQK_,P35579,TDFTRGILTPRIKVGRDYVQKAQTKEQADFA,MYH9(R398),14,44,0.978102999,0,-0.005430155,-1.487482765,-1.487482765,-1.489069653,-1.483639498,other,other,other
P35711_QR(pa)QQMELAK_,P35711,HDEQKKLAASQIEKQRQQMELAKQQQEQIAR,SOX5(R235),6,13,0.056006259,-0.081218762,-0.064044082,-3.988437517,-3.907218755,-3.971781042,-3.90773696,other,other,#N/A
P35749_ASR(pa)DEIFATAK_,P35749,QMKDFQRELEDARASRDEIFATAKENEKKAK,MYH11(R1668),16,39,0.449605879,-0.017018139,-0.037385547,-2.760775778,-2.743757639,-2.735001478,-2.697615931,other,other,other
P35749_NESAR(pa)QQLER_,P35749,ELATERSTAQKNESARQQLERQNKELRSKLH,MYH11(R1787),5,22,1,0.002557245,-0.014696553,-3.032863093,-3.035420338,-3.014667112,-2.999970559,other,other,other
P35749_QR(pa)ALAAAAK_,P35749,QLHEYETELEDERKQRALAAAAKKKLEGDLK,MYH11(R1612),16,35,0.975585891,0.003903969,-0.02457612,-2.349443588,-2.353347557,-2.374274997,-2.349698877,other,other,other
P35749_R(pa)LVWVPSEK_,P35749,NFINSPVAQADWAAKRLVWVPSEKQGFEAAS,MYH11(R34),6,28,0.14345631,-0.0885602,-0.07450158,-2.547260868,-2.458700668,-2.569075363,-2.494573783,other,other,other
P35749_SILTPR(pa)IK_,P35749,MGINVTDFTRSILTPRIKVGRDVVQKAQTKE,MYH11(R400),12,31,0.838329058,0.055838633,-0.055340252,-1.739238861,-1.795077494,-1.739370844,-1.684030592,other,other,other
P35749_VGR(pa)DVVQK_,P35749,TDFTRSILTPRIKVGRDVVQKAQTKEQADFA,MYH11(R405),17,45,0.020504686,-0.125576021,-0.158800581,-2.456707702,-2.331131681,-2.516232061,-2.35743148,other,down,other
P35749_WILTR(pa)VNK_,P35749,LAKATYERLFRWILTRVNKALDKTHRQGASF,MYH11(R439),15,29,0.726789002,0,0.052495787,-3.718400177,-3.718400177,-3.677543392,-3.730039179,other,other,other
P36542_DITR(pa)R(pa)LK_,P36542,QWIQVRNMATLKDITRRLKSIKNIQKITKSM,ATP5F1C(R33;R34),13,28,0.71348006,-0.04136986,0.027908543,-2.329707751,-2.288337891,-2.309583172,-2.337491715,other,other,other
P37802_ENPR(pa)NFSDNQLQEGK_,P37802,SGDPNWFPKKSKENPRNFSDNQLQEGKNVIG,TAGLN2(R160),17,42,0.463925959,-0.038343971,-0.082695249,-4.161652334,-4.123308363,-4.150824885,-4.068129636,other,other,other
P38646_LINR(pa)NTTIPTK_,P38646,LGIETLGGVFTKLINRNTTIPTKKSQVFSTA,HSPA9(R460),17,44,0.147520575,0.03582589,0.041274542,-2.890127803,-2.925953693,-2.888119667,-2.929394209,other,other,other
P38646_R(pa)ETGVDLTK_,P38646,DFDQALLRHIVKEFKRETGVDLTKDNMALQR,HSPA9(R292),13,31,0.358505429,-0.0058103,-0.046054328,-1.815261819,-1.809451519,-1.865726354,-1.819672026,other,other,other
P39023_LLPLR(pa)QK_,P39023,VIRVIAHTQMRLLPLRQKKAHLMEIQVNGGT,RPL3(R174),15,23,0.307505064,-0.05533675,-0.042762413,-1.099527299,-1.044190549,-1.092739025,-1.049976612,other,other,other
P40429_R(pa)GQAALDR(pa)LK_,P40429,IFWRTVRGMLPHKTKRGQAALDRLKVFDGIP,RPL13A(R94;R101),11,32,0.122620708,-0.122618556,-0.035737003,-2.107400488,-1.984781932,-2.04219963,-2.006462627,other,other,other
P42765_ISR(pa)EECDK_,P42765,MAMTAENLAVKHKISREECDKYALQSQQRWK,ACAA2(R176),7,27,0.697582253,0,-0.042419145,-1.738693841,-1.738693841,-1.718957735,-1.676538591,other,other,other
P42765_YALQSQQR(pa)WK_,P42765,ISREECDKYALQSQQRWKAANDAGYFNDEMA,ACAA2(R189),5,21,0.318893633,-0.027696577,-0.029015708,-3.127911907,-3.10021533,-3.14146151,-3.112445801,other,other,other
P42766_VELSQLR(pa)VAK_,P42766,LLKQLDDLKVELSQLRVAKVTGGAASKLSKI,RPL35(R32),13,38,0.887768895,0.009938515,0.001962241,-3.296519781,-3.306458297,-3.278746743,-3.280708984,other,other,other
P45880_AAR(pa)DIFNK_,P45880,PMCIPPSYADLGKAARDIFNKGFGFGLVKLD,VDAC2(R26),17,38,0.934274087,-0.025966621,0.020996414,-1.644780634,-1.618814013,-1.668236263,-1.689232677,other,other,other
P46776_R(pa)NQSFCPTVNLDK_,P46776,PGYFGKVGMKHYHLKRNQSFCPTVNLDKLWT,RPL27A(R65),12,25,0.361215459,0.009700654,0.053980816,-3.612189063,-3.621889716,-3.580086396,-3.634067212,other,other,other
P46781_SR(pa)LDQELK_,P46781,CRKTYVTPRRPFEKSRLDQELKLIGEYGLRN,RPS9(R24),12,29,0.496184077,0.028179689,-0.002828364,-2.429249426,-2.457429115,-2.486759669,-2.483931305,other,other,other
P47897_ANNGICFLR(pa)_,P47897,FNFGYAKANNGICFLRFDDTNPEKEEAKFFT,QARS1(R301),3,12,0.311888995,-0.129797925,-0.103112398,-1.1244311,-0.994633175,-1.079099556,-0.975987158,other,other,#N/A
P47985_SSR(pa)ESSEAR(pa)K_,P47985,SEYRRLEVLDSTKSSRESSEARKGFSYLVTG,UQCRFS1(R104;R110),8,15,0.434577765,0.086885702,0.080168583,-3.344435644,-3.431321345,-3.368685154,-3.448853737,other,other,#N/A
P48735_ATDFVADR(pa)AGTFK_,P48735,HAHGDQYKATDFVADRAGTFKMVFTPKDGSG,IDH2(R188),17,43,0.37246342,-0.02190895,-0.049625884,-3.211580299,-3.189671349,-3.18386964,-3.134243756,other,other,other
P50440_R(pa)VMVDANEVPIQK_,P50440,SSKWLSMNVLMLDEKRVMVDANEVPIQKMFE,GATM(R369),16,43,0.857215719,0.014381851,-0.004549916,-2.73297959,-2.74736144,-2.73718013,-2.732630215,other,other,other
P50914_WAATR(pa)WAK_,P50914,QAWQKADINTKWAATRWAKKIEARERKAKMT,RPL14(R90),15,32,0.37727041,-0.025653129,-0.032384881,-2.199948901,-2.174295772,-2.148044019,-2.115659139,other,other,#N/A
P50914_YVR(pa)QAWQK_,P50914,DFILKFPHSAHQKYVRQAWQKADINTKWAAT,RPL14(R74),15,42,0.284914837,0.05424324,0.067512391,-1.619298891,-1.673542131,-1.595333175,-1.662845566,other,other,#N/A
P51888_IDQR(pa)VLEK_,P51888,RWINLDNNRIRKIDQRVLEKLPGLVFLYMEK,PRELP(R144),9,31,0.524924525,0,0.047642638,-0.870919953,-0.870919953,-0.840546518,-0.888189155,other,other,other
P51888_LTDR(pa)GLPK_,P51888,PNLAFIRLNYNKLTDRGLPKNSFNISNLLVL,PRELP(R281),13,32,0.687018812,-0.053111536,-0.030165761,-1.337741012,-1.284629476,-1.322598248,-1.292432487,other,other,other
P52209_SFLEDIR(pa)K_,P52209,KFQFDGDKKSFLEDIRKALYASKIISYAQGF,PGD(R324),4,10,0.886288971,0.028122044,-0.017910476,-1.205295467,-1.233417511,-1.17551178,-1.157601304,other,other,other
P53999_TGETSR(pa)ALSSSK_,P53999,APEKPVKKQKTGETSRALSSSKQSSSSRDDN,SUB1(R47),6,16,0.794102067,0.043589355,-0.032719221,-3.312983487,-3.356572842,-3.369518968,-3.336799747,other,other,#N/A
P55084_TSNVAR(pa)EAALGAGFSDK_,P55084,IFGTVIQEVKTSNVAREAALGAGFSDKTPAH,HADHB(R117),17,44,0.632685389,0.073921308,0.033463738,-3.877319479,-3.951240787,-3.915984712,-3.94944845,other,other,other
P56470_WGSEER(pa)K_,P56470,VVFNTLQGGKWGSEERKRSMPFKKGAAFELV,LGALS4(R89),7,20,0.802668899,-0.06801863,0.000543048,-3.13965011,-3.071631481,-3.086144639,-3.086687687,other,other,other
P60174_LDER(pa)EAGITEK_,P60174,EGLGVIACIGEKLDEREAGITEKVVFEQTKV,TPI1(R172),10,29,0.870935973,0.020827178,-0.020488575,-3.326237681,-3.347064859,-3.343753422,-3.323264847,other,other,other
P60709_IIAPPER(pa)K_,P60709,LAPSTMKIKIIAPPERKYSVWIGGSILASLS,ACTB(R335),15,29,0.823198094,0,0.030811593,-3.812016829,-3.812016829,-3.803524239,-3.834335832,other,other,other
P60866_GPVR(pa)MPTK_,P60866,IRGAKEKNLKVKGPVRMPTKTLRITTRKTPC,RPS20(R55),2,12,0.408727185,0.065295348,0.05596612,-1.992428078,-2.057723426,-1.992428078,-2.048394198,other,other,#N/A
P60866_TLR(pa)ITTR(pa)K_,P60866,NLKVKGPVRMPTKTLRITTRKTPCGEGSKTW,RPS20(R62;R66),10,28,0.491904785,-0.039278137,-0.046594527,-2.402648557,-2.36337042,-2.404606979,-2.358012452,other,other,#N/A
P60866_VCADLIR(pa)GAK_,P60866,SRNVKSLEKVCADLIRGAKEKNLKVKGPVRM,RPS20(R41),4,16,0.078060517,-0.17666374,-0.137046402,-2.92056307,-2.743899331,-2.882295116,-2.745248714,other,other,#N/A
P60903_DLDQCR(pa)DGK_,P60903,DPLAVDKIMKDLDQCRDGKVGFQSFFSLIAG,S100A10(R63),16,39,0.367252558,-0.055862641,-0.044057612,-3.935114454,-3.879251813,-3.913700882,-3.86964327,other,other,other
P60903_EDLR(pa)VLMEK_,P60903,HKFAGDKGYLTKEDLRVLMEKEFPGFLENQK,S100A10(R32),6,18,0.537608149,0.302516437,-0.001180188,-4.213099425,-4.515615862,-4.347509468,-4.34632928,other,other,other
P61160_R(pa)LDIAGR_,P61160,ICPVYEGFSLPHLTRRLDIAGRDITRYLIKL,ACTR2(R181),1,5,0.533829422,0.053534562,0.087981087,-1.432546398,-1.48608096,-1.432546398,-1.520527485,other,other,#N/A
P61247_TLVTR(pa)TQGTK_,P61247,PAMFNIRNIGKTLVTRTQGTKIASDGLKGRV,RPS3A(R51),13,33,0.162064191,-0.049220092,-0.075803017,-1.057089936,-1.007869844,-1.060589324,-0.984786308,other,other,other
P61313_AR(pa)R(pa)LGYK_,P61313,SALHRAPRPTRPDKARRLGYKAKQGYVIYRI,RPL15(R49;R50),10,12,0.765778707,0.035980295,-0.034633247,-2.135393821,-2.171374116,-2.17790646,-2.143273212,other,other,other
P61978_ELR(pa)ENTQTTIK_,P61978,AGGIIGVKGAKIKELRENTQTTIKLFQECCP,HNRNPK(R171),17,45,0.382279354,-0.041697976,-0.047037367,-3.951189147,-3.909491171,-3.959401522,-3.912364155,other,other,other
P61981_R(pa)ATVVESSEK_,P61981,GDYYRYLAEVATGEKRATVVESSEKAYSEAH,YWHAG(R143),9,27,0.1712776,-0.061669046,-0.076870212,-2.597856656,-2.53618761,-2.638338853,-2.561468641,other,other,other
P62081_AQLR(pa)ELNITAAK_,P62081,ALLELEMNSDLKAQLRELNITAAKEIEVGGG,RPS7(R41),17,43,0.716340584,0.038246149,0.031363181,-3.387603866,-3.425850015,-3.391621922,-3.422985103,other,other,other
P62241_YELGR(pa)PAANTK_,P62241,GKRKPYHKKRKYELGRPAANTKIGPRRIHTV,RPS8(R31),8,19,0.788535643,0.098584893,-0.002986535,-2.85223631,-2.950821203,-2.91543525,-2.912448715,other,other,other
P62249_GPLQSVQVFGR(pa)K_,P62249,XMPSKGPLQSVQVFGRKKTATAVAHCKRGNG,RPS16(R15),16,35,0.814357758,0,0.02777809,-4.031233183,-4.031233183,-3.991902976,-4.019681066,other,other,other
P62258_YLAEFATGNDR(pa)K_,P62258,GDYHRYLAEFATGNDRKEAAENSLVAYKAAS,YWHAE(R141),14,38,0.900811567,0.052743557,-0.030482605,-0.627996543,-0.680740099,-0.664325547,-0.633842943,other,other,other
P62280_R(pa)VLLGETGK_,P62280,ERAYQKQPTIFQNKKRVLLGETGKEKLPRYY,RPS11(R22),7,26,0.651499073,0,-0.005714804,-1.963941194,-1.963941194,-1.928038628,-1.922323824,other,other,other
P62753_R(pa)QEQIAK_,P62753,YAKLLAKRMKEAKEKRQEQIAKRRRLSSLRA,RPS6(R224),2,12,0.119056192,-0.391086661,-0.422503394,-2.84279686,-2.4517102,-2.84279686,-2.420293466,other,other,other
P62805_LAR(pa)R(pa)GGVK_,P62805,DNIQGITKPAIRRLARRGGVKRISGLIYEET,H4-16(R40;R41),8,27,0.176091668,0,-0.166333161,-3.883050226,-3.883050226,-3.882651635,-3.716318474,other,other,other
P62805_R(pa)ISGLIYEETR_,P62805,TKPAIRRLARRGGVKRISGLIYEETRGVLKV,H4-16(R46),13,32,0.752873501,0.010658774,0.014657959,-1.825865423,-1.836524197,-1.82213104,-1.836789,other,other,other
P62805_RQGR(pa)TLYGFGG_,P62805,TVTAMDVVYALKRQGRTLYGFGGXXXXXXXX,H4-16(R96),9,23,0.424938095,-0.118324288,-0.055774887,-0.738892418,-0.62056813,-0.7328855,-0.677110612,other,other,other
P62805_VLR(pa)DNIQGITK_,P62805,KGLGKGGAKRHRKVLRDNIQGITKPAIRRLA,H4-16(R24),12,38,0.52980192,0.005205364,-0.047273623,-4.551010484,-4.556215848,-4.581097566,-4.533823943,other,other,other
P62820_R(pa)MGPGATAGGAEK_,P62820,NVEQSFMTMAAEIKKRMGPGATAGGAEKSNV,RAB1A(R175),2,8,0.238557044,-0.164458228,-0.18106468,-2.265986724,-2.101528496,-2.265986724,-2.084922044,other,other,other
P62834_YDPTIEDSYR(pa)K_,P62834,GIFVEKYDPTIEDSYRKQVEVDCQQCMLEIL,RAP1A(R41),3,18,0.718265272,0,-0.076418567,-0.51215559,-0.51215559,-0.521049439,-0.444630872,other,other,other
P62913_R(pa)R(pa)TGCIGAK_,P62913,YVVLGRPGFSIADKKRRTGCIGAKHRISKEE,RPL11(R146;R147),9,26,0.369172856,0,-0.108027693,-2.753029312,-2.753029312,-2.749845054,-2.64181736,other,other,other
P62937_FGSR(pa)NGK_,P62937,KEGMNIVEAMERFGSRNGKTSKKITIADCGQ,PPIA(R148),12,18,1,-0.00439176,-0.006220656,-3.810297096,-3.805905336,-3.808609294,-3.802388638,other,other,other
P62937_TAENFR(pa)ALSTGEK_,P62937,FELFADKVPKTAENFRALSTGEKGFGYKGSC,PPIA(R37),16,42,0.405647622,-0.019955849,-0.035217168,-5.129261723,-5.109305874,-5.159690699,-5.12447353,other,other,other
P63096_NLR(pa)EDGEK_,P63096,DKAAVERSKMIDRNLREDGEKAAREVKLLLL,GNAI1(R24),12,27,0.939040289,-0.020132854,0.008384837,-2.519155442,-2.499022588,-2.483829267,-2.492214104,other,other,other
P63261_GYSFTTTAER(pa)EIVR_,P63261,KILTERGYSFTTTAEREIVRDIKEKLCYVAL,ACTG1(R206),0,4,NA,NA,NA,NA,-1.86926949,NA,-1.817491151,NA,NA,other
P63261_IIAPPER(pa)K_,P63261,LAPSTMKIKIIAPPERKYSVWIGGSILASLS,ACTG1(R335),2,18,0.948273596,-0.013839587,-0.012004174,-2.706223668,-2.692384081,-2.706223668,-2.694219494,other,other,other
P63261_ILTER(pa)GYSFTTTAER_,P63261,AGRDLTDYLMKILTERGYSFTTTAEREIVRD,ACTG1(R196),2,9,0.905758255,-0.028157089,0.028723197,-3.847881099,-3.81972401,-3.847881099,-3.876604296,other,other,other
P63267_CDIDIR(pa)K_,P63267,HETTYNSIMKCDIDIRKDLYANNVLSGGTTM,ACTG2(R291),10,32,0.380652892,-0.022384189,-0.048576762,-2.355399784,-2.333015594,-2.360330579,-2.311753817,other,other,other
P67936_AEFAER(pa)TVAK_,P67936,SDKLKEAETRAEFAERTVAKLEKTIDDLEEK,TPM4(R208),7,20,0.615534997,0.01389216,0.021399313,-2.724083898,-2.737976058,-2.71056067,-2.731959983,other,other,other
P84098_GTANAR(pa)MPEK_,P84098,GRHMGIGKRKGTANARMPEKVTWMRRMRILR,RPL19(R88),9,16,0.755286756,0.028323077,-0.042288604,-2.106796103,-2.13511918,-2.183570663,-2.141282059,other,other,#N/A
Q00325_EDGVR(pa)GLAK_,Q00325,GIFNGFSVTLKEDGVRGLAKGWAPTFLGYSM,SLC25A3(R117),11,27,0.020272011,-0.148126473,-0.137348234,-2.570243182,-2.422116709,-2.557524612,-2.420176378,down,other,other
Q00796_ESPQEIAR(pa)K_,Q00796,DLVLQISKESPQEIARKVEGQLGCKPEVTIE,SORD(R234),15,36,0.653722037,0,0.058368782,-1.630694661,-1.630694661,-1.610043055,-1.668411837,other,other,other
Q00839_FIEIAAR(pa)K_,Q00839,QRAPQCLGKFIEIAARKKRNFILDQTNVSAA,HNRNPU(R572),9,22,0.445339884,0.021026946,-0.149832282,-3.112192575,-3.133219521,-3.218788601,-3.06895632,other,other,other
Q01082_EIFGR(pa)IQDK_,Q01082,YELHKFYHDAKEIFGRIQDKHKKLPEELGRD,SPTBN1(R1820),13,24,0.100420024,-0.045508536,-0.068172858,-1.709789822,-1.664281286,-1.714274411,-1.646101553,other,other,other
Q01082_NR(pa)EASLGEASK_,Q01082,EISDVWEEMKTTLKNREASLGEASKLQQFLR,SPTBN1(R1054),14,34,0.638826542,0.091018832,-0.007646512,-1.992976157,-2.083994989,-1.926943813,-1.919297301,other,other,other
Q01518_EVITFR(pa)EK_,Q01518,LLAPISEQIKEVITFREKNRGSKLFNHLSAV,CAP1(R119),6,19,0.368860945,0.107542463,0.147954027,-2.615578061,-2.723120523,-2.585401431,-2.733355458,other,other,other
Q01995_GPSYGMSR(pa)EVQSK_,Q01995,XXXXMANKGPSYGMSREVQSKIEKKYDEELE,TAGLN(R12),16,44,0.705074727,-0.013945243,-0.003257834,-4.592196161,-4.578250918,-4.538952889,-4.535695055,other,other,other
Q01995_R(pa)EFTESQLQEGK_,Q01995,RGDPNWFMKKAQEHKREFTESQLQEGKHVIG,TAGLN(R161),17,47,0.209337171,-0.016912875,-0.05847798,-5.901529617,-5.884616742,-5.902604069,-5.844126089,other,other,other
Q02252_EGASILLDGR(pa)K_,Q02252,IDSGTKEGASILLDGRKIKVKGYENGNFVGP,ALDH6A1(R386),8,20,0.738025613,0.066697891,0.051826121,-2.727445469,-2.794143359,-2.751787578,-2.803613699,other,other,other
Q02252_ER(pa)VCNLIDSGTK_,Q02252,PGADLGPLITPQAKERVCNLIDSGTKEGASI,ALDH6A1(R366),14,32,0.007595021,0.072024703,0.112800267,-3.997753232,-4.069777935,-3.970258221,-4.083058489,other,other,other
Q02543_VVGR(pa)CLPTPK_,Q02543,XMKASGTLREYKVVGRCLPTPKCHTPPLYRM,RPL18A(R15),14,28,0.989317709,-0.078066991,0.022963018,-2.895384745,-2.817317753,-2.848639269,-2.871602288,other,other,other
Q03135_EIDLVNR(pa)DPK_,Q03135,KQVYDAHTKEIDLVNRDPKHLNDDVVKIDFE,CAV1(R54),8,24,0.946769542,-0.024703964,-0.008269171,-0.994251696,-0.969547732,-1.026637921,-1.01836875,other,other,other
Q04828_R(pa)EDIFYTSK_,Q04828,VGLAIRSKIADGSVKREDIFYTSKLWCNSHR,AKR1C1(R76),10,22,0.667013551,0.003257944,-0.001591781,-3.703017245,-3.706275188,-3.679660622,-3.678068841,other,other,other
Q06323_YFSER(pa)GDAVTK_,Q06323,KLEGFHTQISKYFSERGDAVTKAAKQPHVGD,PSME1(R181),17,43,0.290124301,0.04056053,0.022039757,-2.873846364,-2.914406894,-2.881295628,-2.903335385,other,other,down
Q06830_R(pa)TIAQDYGVLK_,Q06830,GGLGPMNIPLVSDPKRTIAQDYGVLKADEGI,PRDX1(R110),16,39,0.873919554,0.006323009,-0.018825839,-3.315111881,-3.32143489,-3.333715116,-3.314889277,other,other,other
Q09666_FGVSTGR(pa)EGQTPK_,Q09666,KFPTMKVPKFGVSTGREGQTPKAGLRVSAPE,AHNAK(R320),14,34,0.706657417,0.009831168,-0.013555599,-2.38210158,-2.391932748,-2.402918979,-2.38936338,other,other,other
Q13813_ELSTLR(pa)R(pa)QK_,Q13813,QVLDRYHRFKELSTLRRQKLEDSYRFQFFQR,SPTAN1(R36;R37),12,36,0.286200883,-0.114328263,-0.046482799,-2.427697251,-2.313368988,-2.387429758,-2.340946959,other,other,other
Q14624_IQQTR(pa)EALIK_,Q14624,IDKSGSMSGRKIQQTREALIKILDDLSPRDQ,ITIH4(R294),7,23,0.159178064,-0.022032804,-0.095362482,-2.608260882,-2.586228078,-2.648134772,-2.55277229,other,other,other
Q14764_SLQPLAPR(pa)NK_,Q14764,RGEKDTAKSLQPLAPRNKTRVVSYRVPHNAA,MVP(R452),6,16,0.52427024,-0.00302905,-0.009692897,-2.245666323,-2.242637272,-2.266479014,-2.256786117,other,other,other
Q14914_WQGDAR(pa)QK_,Q14914,LRMEAFVVYRWQGDARQKALKDLLKWVLEGK,PTGR1(R280),2,9,0.039829188,-0.240386275,-0.223832205,-0.642209674,-0.401823399,-0.642209674,-0.418377469,down,down,other
Q15582_VIGTNR(pa)K_,Q15582,HGPNVCAVQKVIGTNRKYFTNCKQWYQRKIC,TGFBI(R59),1,13,0.196172246,0.113542926,0.115460383,-1.786992455,-1.900535381,-1.786992455,-1.902452838,other,other,other
Q15836_VLER(pa)DQK_,Q15836,EVVDIMRVNVDKVLERDQKLSELDDRADALQ,VAMP3(R39),5,8,0.596027296,-0.060242621,0.057294974,-0.79055706,-0.730314439,-0.695376461,-0.752671435,other,other,#N/A
Q15911_R(pa)ALPFR(pa)K_,Q15911,SDSGSVQEDSGSEPKRALPFRKGPNFTMEKF,ZFHX3(R1523;R1528),3,11,0.448594925,0,-0.129866822,-1.542080879,-1.542080879,-1.6109955,-1.481128677,other,other,#N/A
Q16822_DVAR(pa)VESK_,Q16822,YNNCWLARTDPKDVARVESKTVIVTPSQRDT,PCK2(R104),8,26,0.264770412,0.075022555,0.012442626,-1.284669839,-1.359692394,-1.329582484,-1.342025109,other,other,other
Q16822_R(pa)YVAAAFPSACGK_,Q16822,EHMLILGITSPAGKKRYVAAAFPSACGKTNL,PCK2(R296),8,21,0.882300439,-0.002127316,0.172991935,-3.366829573,-3.364702257,-3.234883221,-3.407875156,other,other,other
Q16851_R(pa)EFPTVPLVK_,Q16851,NLYSLNAGSLTMSEKREFPTVPLVKLGSSFT,UGP2(R422),2,10,0.548360759,-0.00893938,0.006040813,-2.792826319,-2.783886939,-2.792826319,-2.798867132,other,other,other
Q16851_SR(pa)FVQDLSK_,Q16851,XXXXXXXXXXXXXMSRFVQDLSKAMSQDGAS,UGP2(R3),5,18,0.340025838,-0.023516271,0.014788892,-1.945951576,-1.922435305,-1.920193671,-1.934982563,other,other,other
Q53GQ0_VVLISR(pa)SK_,Q53GQ0,AEELAKHGMKVVLISRSKDKLDQVSSEIKEK,HSD17B12(R82),2,15,0.219868192,-0.101422144,-0.120456912,-2.554017595,-2.452595451,-2.554017595,-2.433560683,other,other,other
Q5SSJ5_R(pa)ELNR(pa)GVIK_,Q5SSJ5,LELERRGYLLKQALKRELNRGVIKQVKGKGA,HP1BP3(R209;R213),5,14,0.350278219,-0.164814138,-0.170008816,-0.187680377,-0.022866239,-0.251075477,-0.081066661,other,other,other
Q5VTE0_R(pa)GNVAGDSK_,Q5VTE0,NVGFKVKNVSVKDVRRGNVAGDSKNDPPMEA,EEF1A1P5(R322),8,25,0.424351726,0.021590269,-0.175110945,-2.564001573,-2.585591842,-2.599163655,-2.424052709,other,other,other
Q6NZI2_VR(pa)TR(pa)ENLEK_,Q6NZI2,FKKAFSKEKMEKTKVRTRENLEKTRLKTKEN,CAVIN1(R247;R249),9,24,0.597550987,-0.026687648,-0.012061706,-2.797807471,-2.771119823,-2.777974274,-2.765912568,other,other,#N/A
Q7Z4W1_TMLNR(pa)IPLGK_,Q7Z4W1,QATWSDPHKAKTMLNRIPLGKFAEVEHVVNA,DCXR(R203),13,35,0.319881767,-0.004557655,-0.034034623,-3.017845283,-3.013287628,-3.01322026,-2.979185636,other,other,other
Q8N6R1_NITQR(pa)GNVAK_,Q8N6R1,RIRMANEKHSKNITQRGNVAKTLRPQEEKYP,SERP2(R21),8,22,0.479061869,-0.040819023,-0.131414024,-2.735653099,-2.694834076,-2.811087739,-2.679673715,other,other,#N/A
Q96I99_ACR(pa)ELELK_,Q96I99,IVNCAIIANGITKACRELELKVPLVVRLEGT,SUCLG2(R381),12,28,0.98812251,0.008603198,0.00058454,-2.708704329,-2.717307527,-2.699694695,-2.700279235,other,other,other
Q96J94_ADGSEVSFLEYYR(pa)_,Q96J94,FKKADGSEVSFLEYYRKQYNQEITDLKQPVL,PIWIL1(R347),10,19,0.679458012,-0.004136587,-0.028556755,4.096965219,4.101101806,4.078768371,4.107325126,other,other,#N/A
Q96QK1_ELTR(pa)LLK_,Q96QK1,LEHIATSSAVSKELTRLLKIPVDTYNNILTV,VPS35(R400),4,18,0.183265662,-0.090686449,-0.096192699,-3.795149884,-3.704463435,-3.787445047,-3.691252348,other,other,other
Q99878_TR(pa)SSR(pa)AGLQFPVGR_,Q99878,GRGKQGGKARAKAKTRSSRAGLQFPVGRVHR,H2AC14(R18;R21),15,37,0.09941911,-0.062900636,-0.052208794,-2.719509983,-2.656609347,-2.697746974,-2.64553818,other,other,#N/A
Q99879_R(pa)STITSR(pa)EIQTAVR_,Q99879,ERIAGEASRLAHYNKRSTITSREIQTAVRLL,H2BC14(R87;R93),8,25,0.288323284,-0.130475073,-0.098409977,-1.795015655,-1.664540582,-1.816021139,-1.717611162,other,other,other
Q99880_R(pa)STITSR(pa)EIQTAVR_,Q99880,ERIASEASRLAHYNKRSTITSREIQTAVRLL,H2BC13(R87;R93),7,18,0.190598061,-0.132933154,-0.142413818,-1.028878503,-0.895945349,-1.025191373,-0.882777554,other,other,other
Q9BTM1_SR(pa)SSR(pa)AGLQFPVGR_,Q9BTM1,GRGKQGGKVRAKAKSRSSRAGLQFPVGRVHR,H2AJ(R18;R21),15,34,0.585142355,-0.014024535,0.081968274,-0.92003961,-0.906015075,-0.838134975,-0.920103249,other,other,other
Q9BUT1_IQAR(pa)GNPEEAR_,Q9BUT1,PGTVDTPSLQERIQARGNPEEARNDFLKRQK,BDH2(R192),1,2,1,-0.05182987,-0.05182987,-1.18213518,-1.130305311,-1.18213518,-1.130305311,other,other,other
Q9H1E3_NVR(pa)QQR(pa)QAASK_,Q9H1E3,SAEDSEDEKEDHKNVRQQRQAASKAASKQRE,NUCKS1(R90;R93),8,25,0.22645905,0.028383348,0.110623442,-1.763443199,-1.791826547,-1.705439028,-1.81606247,other,other,other
Q9H299_VYSTSVTGSR(pa)EIK_,Q9H299,XMSGLRVYSTSVTGSREIKSQQSEVTRILDG,SH3BGRL3(R15),7,17,0.125455064,-0.039645192,-0.080035449,-2.403532299,-2.363887107,-2.438172687,-2.358137238,other,other,other
Q9NZN4_R(pa)GGAR(pa)GQQPEAIR_,Q9NZN4,XXXXXXXXXMFSWLKRGGARGQQPEAIRTVT,EHD2(R7;R11),2,9,0.535542635,0.093306726,0.068721564,-3.3911408,-3.484447526,-3.3911408,-3.459862364,other,other,other
Q9UBQ7_R(pa)ILDAAGANLK_,Q9UBQ7,GAHGLLCLLSDHVDKRILDAAGANLKVISTM,GRHPR(R66),16,36,0.342898972,-0.033731829,-0.039602421,-2.983594572,-2.949862743,-2.981862911,-2.94226049,other,other,other
Q9UL46_VLER(pa)VNAVK_,Q9UL46,DGNDFGVAIQEKVLERVNAVKTKVEAFQTTI,PSME2(R149),4,19,0.042805131,-0.059392938,-0.091295624,-2.589807865,-2.530414927,-2.601471188,-2.510175564,other,other,other
Q9UL46_YFSER(pa)GDAVAK_,Q9UL46,KVEAFQTTISKYFSERGDAVAKASKETHVMD,PSME2(R171),15,40,0.797605125,0.04581764,-0.005275231,-3.010402707,-3.056220347,-3.01873484,-3.013459609,other,other,other
Q9UM07_LLLASPR(pa)SCYK_,Q9UM07,PAPDRKGFRLLLASPRSCYKLFQEQQNEGHG,PADI4(R495),13,32,0.850339403,-0.015623638,-0.024348961,-3.410344077,-3.394720439,-3.420776407,-3.396427447,other,other,other
Q9UM07_R(pa)VMGPDFGYVTR_,Q9UM07,FDSPRNRGLKEFPIKRVMGPDFGYVTRGPQT,PADI4(R383),4,24,0.269312768,-0.092057588,-0.118122002,-1.992078306,-1.900020718,-1.959068453,-1.840946452,other,other,other
Q9UM07_VR(pa)VFQATR(pa)GK_,Q9UM07,VARSEMDKVRVFQATRGKLSSKCSVVLGPKW,PADI4(R212;R218),15,41,0.37145103,-0.00141087,-0.036744372,-2.305948075,-2.304537205,-2.353722637,-2.316978266,other,other,other
Q9UNL2_R(pa)EDAVSK_,Q9UNL2,YKNVKFVLKHKVAQKREDAVSKEVTRKLSEA,SSR3(R92),8,19,0.956614885,0.053728899,-0.027833543,-2.692762853,-2.746491752,-2.727062466,-2.699228923,other,other,#N/A
Q9Y2J8_DMSQMILR(pa)TK_,Q9Y2J8,VYSKEDLKDMSQMILRTKGPDRLPAGYEIVL,PADI2(R187),16,42,0.386166145,-0.009032449,-0.027708478,-4.063234847,-4.054202398,-4.062032508,-4.034324029,other,other,other
Q9Y2J8_EDCR(pa)DEK_,Q9Y2J8,VNCDRETPWLPKEDCRDEKVYSKEDLKDMSQ,PADI2(R168),9,35,0.636685744,0.096849932,-0.021017578,-7.908808577,-8.005658509,-7.988267793,-7.967250215,other,other,other
Q9Y2J8_FLGEVHCGTNVR(pa)_,Q9Y2J8,AYHKFLGEVHCGTNVRRKPFTFKWWHMVPXX,PADI2(R652),6,23,0.184157683,-0.100582754,-0.050533477,-2.077956186,-1.977373432,-2.039922466,-1.989388988,other,other,other
Q9Y2J8_GFPVVLDSPR(pa)DGNLK_,Q9Y2J8,IEAPHKGFPVVLDSPRDGNLKDFPVKELLGP,PADI2(R373),10,31,0.381574227,-0.051826886,-0.051530818,-8.466047623,-8.414220736,-8.43991787,-8.388387051,other,other,other
Q9Y2J8_QR(pa)WLLSPSTTLR_,Q9Y2J8,VRDGEAEEVATNGKQRWLLSPSTTLRVTMSQ,PADI2(R68),4,12,0.096565894,-0.184221494,-0.212235236,-2.17736064,-1.993139146,-2.155731703,-1.943496467,other,other,other
Q9Y2J8_VCFQYLNR(pa)GDR_,Q9Y2J8,EKTNCELKVCFQYLNRGDRWIQDEIEFGYIE,PADI2(R344),17,45,0.245644843,-0.026791064,-0.026511513,-2.78622027,-2.759429206,-2.76339985,-2.736888337,other,other,other
Q9Y2J8_VVR(pa)DFLK_,Q9Y2J8,SSFPLSGGRRMTKVVRDFLKAQQVQAPVELY,PADI2(R448),17,44,0.941947909,0.005614249,-0.002785455,-4.265989504,-4.271603754,-4.270306086,-4.267520631,other,other,other
Q9Y5S8_CAESFEMWDDR(pa)_,Q9Y5S8,SHPRKCAESFEMWDDRDSHCRRPKFEGHPPE,NOX1(R253),5,21,0.168972614,-0.080756129,-0.120567775,3.754747954,3.835504083,3.795423335,3.91599111,other,other,#N/A
Q9Y6N5_AR(pa)VTELNPDK_,Q9Y6N5,PTASVIPSGVEWIKARVTELNPDKNCIHTDD,SQOR(R117),7,16,0.138123966,-0.080210135,-0.07731644,-1.153581037,-1.073370902,-1.129371779,-1.052055339,other,other,other
Q9Y6X1_NITQR(pa)GNVAK_,Q9Y6X1,RIRMANEKHSKNITQRGNVAKTSRNAPEEKA,SERP1(R21),7,12,0.037209257,-0.33158951,-0.23552007,-2.160263474,-1.828673965,-2.064336852,-1.828816781,down,down,#N/A
