ID,sequence_window2,Gene_position,n_Y,n_N,p_YN,fc_YN,fc_YN_mean,median_Y,median_N,mean_Y,mean_N,color_YN_median,color_YN_mean,,0.137503524
A0A0B4J1V0_GLEWVGR(pa)IK_,SWVRQAPGKGLEWVGRIKSKTDGGTTDYAAP,IGHV3-15(R69),9,25,0.664755289,0,-0.0616263,-4.521385335,-4.521385335,-4.535267803,-4.473641503,other,other,,
A0A0B4J1X5_GR(pa)FTISR(pa)DNAK_,NSDGSSTSYADSVKGRFTISRDNAKNTLYLQ,IGHV3-74(R86;R91),10,49,0.142880737,-0.040587295,-0.076051043,-3.898229365,-3.85764207,-3.914058852,-3.838007809,other,other,,
P05023_LNIPVSQVNPR(pa)DAK_,DIAARLNIPVSQVNPRDAKACVVHGSDLKDM,ATP1A1(R658),4,28,0.042902646,-0.742821215,-0.796890483,-3.620670638,-2.877849424,-3.626254772,-2.82936429,down,down,,
O00483_MLR(pa)QIIGQAK_,XXXXXXXXXXXXXMLRQIIGQAKKHPSLIPL,NDUFA4(R3),9,34,0.042030983,0,-0.035196258,-2.604772992,-2.604772992,-2.621205794,-2.586009536,other,other,,
O15144_VLNR(pa)AR(pa)PDAEK_,TRMRAKTSDFLKVLNRARPDAEKKEMKTITG,ARPC2(R279;R281),14,47,0.248540518,0,-0.086734952,-2.505066703,-2.505066703,-2.5638495,-2.477114548,other,other,,
O15145_GPAPR(pa)ETK_,MALLPIRSQFKGPAPRETKDTDIVDEAIYYF,ARPC3(R34),14,49,0.725750815,-0.006125467,-0.047228351,-3.151444275,-3.145318808,-3.125611583,-3.078383232,other,other,,
O43707_AETAANR(pa)ICK_,YHAFSGAQKAETAANRICKVLAVNQENEHLM,ACTN4(R280),14,54,0.16140467,-0.074006809,-0.086416481,-3.428208947,-3.354202138,-3.441789705,-3.355373224,other,other,,
Q5VTE0_R(pa)GNVAGDSK_,NVGFKVKNVSVKDVRRGNVAGDSKNDPPMEA,EEF1A1P5(R322),9,28,0.000617096,-0.446573027,-0.561214841,-2.798357686,-2.35178466,-2.868737875,-2.307523034,down,down,,
O43866_SLSPSFR(pa)DR(pa)K_,VCKQLGCGKSLSPSFRDRKCYGPGVGRIWLD,CD5L(R296;R298),5,30,0.924595898,-0.062406591,0.028898343,-3.334005068,-3.271598478,-3.213751659,-3.242650003,other,other,,
O75369_VR(pa)AGGPGLER_,QFTVGPLGEGGAHKVRAGGPGLERGEAGVPA,FLNB(R2197),12,36,0.068568908,-0.030572649,-0.083239,-1.974549463,-1.943976815,-1.989631206,-1.906392206,other,other,,
O95831_SLSAIDR(pa)AGAEVK_,LIATGGTPRSLSAIDRAGAEVKSRTTLFRKI,AIFM1(R272),9,26,0.512328556,0,0.010795494,-2.732730036,-2.732730036,-2.737850505,-2.748645999,other,other,,
O95831_SR(pa)TTLFR(pa)K_,RSLSAIDRAGAEVKSRTTLFRKIGDFRSLEK,AIFM1(R280;R285),6,29,0.173775821,-0.112685922,-0.11757264,-1.709810581,-1.597124659,-1.676790871,-1.559218231,other,other,,
O95831_VR(pa)R(pa)EGVK_,KILPEYLSNWTMEKVRREGVKVMPNAIVQSV,AIFM1(R357;R358),8,26,0.256061819,-0.054014097,-0.055603537,-1.899855243,-1.845841146,-1.897891964,-1.842288427,other,other,,
P00325_AAGAAR(pa)IIAVDINK_,VGLSAVMGCKAAGAARIIAVDINKDKFAKAK,ADH1B(R219),10,33,0.1958294,-0.01922908,-0.093741725,-4.511631343,-4.492402262,-4.605313167,-4.511571442,other,other,,
P00325_NDLGNPR(pa)GTLQDGTR(pa)R_,NPESNYCLKNDLGNPRGTLQDGTRRFTCRGK,ADH1B(R121;R129),13,49,0.223763158,0,-0.099788402,-2.14715322,-2.14715322,-2.203515909,-2.103727507,other,other,,
P00325_NDLGNPR(pa)GTLQDGTR_,NPESNYCLKNDLGNPRGTLQDGTRRFTCRGK,ADH1B(R121),13,32,0.058674481,-0.047101583,-0.101760197,-2.632287231,-2.585185648,-2.648275337,-2.54651514,other,other,,
P62753_R(pa)QEQIAK_,YAKLLAKRMKEAKEKRQEQIAKRRRLSSLRA,RPS6(R224),4,30,0.043047496,-0.359444926,-0.382786388,-2.906223855,-2.546778929,-2.867495484,-2.484709096,down,down,,
P00338_QQEGESR(pa)LNLVQR_,LVIITAGARQQEGESRLNLVQRNVNIFKFII,LDHA(R106),7,38,0.40656372,0,-0.033089476,-2.918463253,-2.918463253,-2.955368936,-2.922279461,other,other,,
P00367_SNAPR(pa)VK_,IPAASEKQLTKSNAPRVKAKIIAEGANGPTT,GLUD1(R395),15,52,0.096207163,-0.013757012,-0.056614834,-3.180300661,-3.16654365,-3.186408839,-3.129794005,other,other,,
P00367_TR(pa)ESEEQK_,GASIVEDKLVEDLRTRESEEQKRNRVRGILR,GLUD1(R92),15,32,0.990878207,0.015738033,0.03581214,-2.491524655,-2.507262688,-2.465649293,-2.501461432,other,other,,
P00387_SNPIIR(pa)TVK_,GKFAIRPDKKSNPIIRTVKSVGMIAGGTGIT,CYB5R3(R170),11,41,0.414047922,-0.00598121,-0.03180535,-0.359145003,-0.353163793,-0.370618216,-0.338812866,other,other,,
P00480_GR(pa)DLLTLK_,FRCGQPLQNKVQLKGRDLLTLKNFTGEEIKY,OTC(R40),12,39,0.433215594,0.023525316,0.061115588,-2.898447014,-2.92197233,-2.850246297,-2.911361885,other,other,,
P00558_IEAFR(pa)ASLSK_,SGNKVKAEPAKIEAFRASLSKLGDVYVNDAF,PGK1(R151),17,55,0.747200695,0,-0.008839518,-3.038461602,-3.038461602,-3.052126453,-3.043286935,other,other,,
P00558_NNQITNNQR(pa)IK_,DFNVPMKNNQITNNQRIKAAVPSIKFCLDNG,PGK1(R39),19,61,0.002704767,-0.058549055,-0.114731591,-4.581515509,-4.522966454,-4.594329564,-4.479597973,other,other,,
P00558_YAEAVTR(pa)AK_,DCGPESSKKYAEAVTRAKQIVWNGPVGVFEW,PGK1(R330),12,59,0.041014498,-0.012105698,-0.09158827,-2.859417785,-2.847312087,-2.910289203,-2.818700933,other,other,,
P00734_GR(pa)VTGWGNLK_,DRETAASLLQAGYKGRVTGWGNLKETWTANV,F2(R500),16,62,0.099136449,-0.024785287,-0.070788394,-2.432701312,-2.407916025,-2.440580614,-2.36979222,other,other,,
P00738_LR(pa)TEGDGVYTLNDK_,VEHSVRYQCKNYYKLRTEGDGVYTLNDKKQW,HP(R59),18,58,0.980179471,0,0.00941159,-4.643257272,-4.643257272,-4.618999016,-4.628410606,other,other,,
P00738_LR(pa)TEGDGVYTLNNEK_,VEHSVRYQCKNYYKLRTEGDGVYTLNNEKQW,HP(R118),19,64,0.042310668,0.065983906,0.0649438,-3.826295657,-3.892279563,-3.812128969,-3.877072769,other,other,,
P00738_NPANPVQR(pa)_,EAVCGKPKNPANPVQRILGGHLDAKGSFPWQ,HP(R161),10,27,0.073822434,-0.078116114,-0.152164804,-0.960679352,-0.882563238,-0.987980864,-0.83581606,other,other,,
P00738_VGYVSGWGR(pa)NANFK_,DYAEVGRVGYVSGWGRNANFKFTDHLKYVML,HP(R286),11,40,0.222992166,-0.028645927,-0.052208604,-4.233650222,-4.205004295,-4.251491746,-4.199283143,other,other,,
P00747_NLDENYCR(pa)NPDGK_,TPENFPCKNLDENYCRNPDGKRAPWCHTTNS,PLG(R325),13,56,0.23524528,0,-0.037169029,-3.017928584,-3.017928584,-3.016497077,-2.979328047,other,other,,
P00747_NYR(pa)GTMSK_,KVYLSECKTGNGKNYRGTMSKTKNGITCQKW,PLG(R112),8,39,0.225711887,0,-0.094684798,-3.159939537,-3.159939537,-3.200425083,-3.105740284,other,other,,
P00751_ISVIR(pa)PSK_,TDYHKQPWQAKISVIRPSKGHESCMGAVVSE,CFB(R503),12,41,0.652316162,0,-0.027823981,0.018880418,0.018880418,0.019246068,0.047070048,other,other,,
P00966_EDFEEAR(pa)K_,AYLANIGQKEDFEEARKKALKLGAKKVFIED,ASS1(R48),11,43,0.293313604,0,-0.127166308,-1.477949784,-1.477949784,-1.568564856,-1.441398548,other,other,,
P00966_GR(pa)NDLMEYAK_,IAPWRMPEFYNRFKGRNDLMEYAKQHGIPIP,ASS1(R157),19,66,0.765005193,0,0.001038727,-1.661169385,-1.661169385,-1.62965605,-1.630694777,other,other,,
P00966_QVEIAQR(pa)EGAK_,LARPCIARKQVEIAQREGAKYVSHGATGKGN,ASS1(R108),18,66,0.624265954,0.056250034,0.023063835,-3.149882967,-3.206133,-3.165512891,-3.188576726,other,other,,
P09669_FR(pa)VADQR(pa)K_,VAFVLSLGVAALYKFRVADQRKKAYADFYRN,COX6C(R40;R45),14,52,0.002712161,-0.299688141,-0.314299503,-2.059497303,-1.759809162,-2.008582181,-1.694282678,down,down,,
P01008_ENAEQSR(pa)AAINK_,AKLQPLDFKENAEQSRAAINKWVSNKTEGRI,SERPINC1(R215),10,50,0.634382575,0,-0.036907123,-2.803082487,-2.803082487,-2.808802065,-2.771894942,other,other,,
P01008_FSPENTR(pa)K_,YFKGLWKSKFSPENTRKELFYKADGESCSAS,SERPINC1(R267),9,35,0.928208203,0,0.01020352,-2.440513855,-2.440513855,-2.399858353,-2.410061873,other,other,,
P01008_LVSANR(pa)LFGDK_,LYRKANKSSKLVSANRLFGDKSLTFNETYQD,SERPINC1(R177),3,24,0.561186698,0,-0.085272968,-5.575180278,-5.575180278,-5.688787202,-5.603514233,other,other,,
P01009_FLENEDR(pa)R_,ELTHDIITKFLENEDRRSASLHLPKLSITGT,SERPINA1(R305),13,44,0.770355107,-0.09662652,-0.000760489,-2.877626957,-2.781000437,-2.848081176,-2.847320687,other,other,,
P01023_R(pa)TTVMVK_,FLTVQVKGPTQEFKKRTTVMVKNEDSLVFVQ,A2M(R117),10,43,0.790122627,0,-0.007111643,-3.388469777,-3.388469777,-3.376499848,-3.369388205,other,other,,
P01023_YGAATFTR(pa)TGK_,VALHALSKYGAATFTRTGKAAQVTIQSSGTF,A2M(R1271),14,56,0.161637788,0,-0.048684267,-3.493216095,-3.493216095,-3.522776802,-3.474092535,other,other,,
P01024_CR(pa)EALK_,VQVGQQRTFISPIKCREALKLEEKKHYLMWG,C3(R1591),3,26,0.828136665,0.004737154,0.018402445,-2.210948363,-2.215685517,-2.227129529,-2.245531974,other,other,,
P01024_LGR(pa)EGVQK_,NKTVAVRTLDPERLGREGVQKEDIPPADLSD,C3(R954),19,63,0.420845878,0,0.035354264,-1.330844178,-1.330844178,-1.332688725,-1.368042988,other,other,,
P01024_NR(pa)WEDPGK_,GPLLNKFLTTAKDKNRWEDPGKQLYNVEATS,C3(R1219),9,38,0.03327025,-0.056300271,-0.11303374,-2.86788072,-2.811580449,-2.93909361,-2.826059871,other,other,,
P01024_QLANGVDR(pa)YISK_,APDTDDLKQLANGVDRYISKYELDKAFSDRN,C3(R1427),15,54,0.502558181,0,-0.046257224,-3.691886502,-3.691886502,-3.693803261,-3.647546037,other,other,,
P01024_R(pa)QGALELIK_,YLDETEQWEKFGLEKRQGALELIKKGYTQQL,C3(R1042),19,59,0.025748046,-0.00342566,-0.065722515,-3.232540429,-3.229114769,-3.269032844,-3.203310329,other,other,,
P01042_AR(pa)VQVVAGK_,NNATFYFKIDNVKKARVQVVAGKKYFIDFVA,KNG1(R308),18,62,0.045631381,0.072141993,0.122909724,-1.93824722,-2.010389213,-1.900103838,-2.023013562,other,other,,
P01833_AAGSR(pa)DVSLAK_,AAVYVAVEERKAAGSRDVSLAKADAAPDEKV,PIGR(R571),11,44,0.822542189,0.070736796,-0.0306906,-0.041113021,-0.111849817,-0.048177426,-0.017486826,other,other,,
P01834_SFNR(pa)GEC_,VTHQGLSSPVTKSFNRGECXXXXXXXXXXXX,IGKC(R104),12,37,0.028159748,0,-0.063612096,-0.652438699,-0.652438699,-0.682543426,-0.61893133,other,other,,
P01860_SCDTPPPCPR(pa)CPEPK_,RCPEPKSCDTPPPCPRCPEPKSCDTPPPCPR,IGHG3(R128),19,66,0.452380668,0,-0.000788021,-4.337745418,-4.337745418,-4.338615224,-4.337827203,other,other,,
P01871_QIQVSWLR(pa)EGK_,QATGFSPRQIQVSWLREGKQVGSGVTTDQVQ,IGHM(R150),10,37,0.572136439,0,-0.023104651,-3.61305951,-3.61305951,-3.622769818,-3.599665166,other,other,,
P01871_VTER(pa)TVDK_,TCVVAHEALPNRVTERTVDKSTGKPTLYNVS,IGHM(R427),19,61,0.582651618,0,-0.022678318,-3.533754247,-3.533754247,-3.527839331,-3.505161013,other,other,,
P01876_TIDR(pa)LAGK_,GHEALPLAFTQKTIDRLAGKPTHVNVSVVMA,IGHA1(R331),17,53,0.798653785,-0.000773712,0.05700861,0.057970581,0.058744293,0.154359941,0.097351331,other,other,,
P01876_WLQGSQELPR(pa)EK_,KDVLVRWLQGSQELPREKYLTWASRQEPSQG,IGHA1(R273),19,61,0.818948603,0,-0.019680442,-4.073522289,-4.073522289,-4.067406152,-4.04772571,other,other,,
P02545_FVR(pa)LR(pa)NK_,GRVAVEEVDEEGKFVRLRNKSNEDQSMGNWQ,LMNA(R453;R455),7,40,0.987999713,-0.026732482,0.005230432,-1.749707886,-1.722975404,-1.766723132,-1.771953563,other,other,,
P02545_ITR(pa)LQEK_,GAQASSTPLSPTRITRLQEKEDLQELNDRLA,LMNA(R28),8,47,0.365689404,0.002039782,0.001390894,-1.502555859,-1.504595641,-1.537584101,-1.538974996,other,other,,
P02545_NIYSEELR(pa)ETK_,KEELDFQKNIYSEELRETKRRHETRLVEIDN,LMNA(R216),13,45,0.792811516,0.01759062,0.018812835,-0.917475842,-0.935066462,-0.952019333,-0.970832169,other,other,,
P02647_ENGGAR(pa)LAEYHAK_,RLAARLEALKENGGARLAEYHAKATEHLSTL,APOA1(R212),11,33,0.956685738,0,0.013828011,-3.34598999,-3.34598999,-3.306120922,-3.319948933,other,other,,
P02647_ETEGLR(pa)QEMSK_,TQEFWDNLEKETEGLRQEMSKDLEEVKAKVQ,APOA1(R107),16,49,0.427490075,-0.0261157,-0.042020772,-3.173696476,-3.147580776,-3.205513839,-3.163493067,other,other,,
P02647_LAAR(pa)LEALK_,HLAPYSDELRQRLAARLEALKENGGARLAEY,APOA1(R201),11,37,0.211253307,0,-0.082617576,-4.42059027,-4.42059027,-4.454671482,-4.372053906,other,other,,
P02647_LSPLGEEMR(pa)DR(pa)AR_,LHELQEKLSPLGEEMRDRARAHVDALRTHLA,APOA1(R173;R175),8,39,0.89693554,0.010958112,0.005937382,-1.746974793,-1.757932905,-1.710323817,-1.716261199,other,other,,
P02647_VEPLR(pa)AELQEGAR(pa)QK_,RQKVEPLRAELQEGARQKLHELQEKLSPLGE,APOA1(R147;R155),16,52,0.131433539,-0.003491705,-0.132343726,-4.142442053,-4.138950348,-4.230164023,-4.097820298,other,other,,
P02647_WQEEMELYR(pa)QK_,LDDFQKKWQEEMELYRQKVEPLRAELQEGAR,APOA1(R140),17,65,0.862407943,-0.005659103,0.029331849,-2.929497403,-2.9238383,-2.880002552,-2.909334401,other,other,,
P02649_EQVAEVR(pa)AK_,TRDRLDEVKEQVAEVRAKLEEQAQQIRLQAE,APOE(R258),11,43,0.63407727,0,0.020414217,-3.042676254,-3.042676254,-3.014545084,-3.034959302,other,other,,
P02649_LLR(pa)DADDLQK_,VRLASHLRKLRKRLLRDADDLQKRLAVYQAG,APOE(R168),9,35,0.671080714,-0.007814605,0.003377952,-2.262324639,-2.254510034,-2.252426576,-2.255804528,other,other,,
P02649_R(pa)LLR(pa)DADDLQK_,ELRVRLASHLRKLRKRLLRDADDLQKRLAVY,APOE(R165;R168),3,8,0.529819966,-0.168038136,-0.035525405,-2.760454974,-2.592416838,-2.704442262,-2.668916858,other,other,,
P02671_CPSGCR(pa)MK_,FCSDEDWNYKCPSGCRMKGLIDEVNQDFTNR,FGA(R69),17,58,0.01670371,-0.244232271,-0.25663243,-4.488231684,-4.243999414,-4.446206799,-4.189574369,down,down,,
P02671_DLLPSR(pa)DR_,QKQLEQVIAKDLLPSRDRQHLPLIKMKPVPD,FGA(R216),11,28,0.839002379,-0.011545271,0.001754606,-1.238874211,-1.22732894,-1.208520961,-1.210275567,other,other,,
P02671_DR(pa)QHLPLIK_,QLEQVIAKDLLPSRDRQHLPLIKMKPVPDLV,FGA(R218),13,39,1,0,-0.030940022,-3.159998387,-3.159998387,-3.17999154,-3.149051518,other,other,,
P02671_GDFSSANNR(pa)DNTYNR_,NIMEILRGDFSSANNRDNTYNRVSEDLRSRI,FGA(R123),19,66,0.869066088,0,0.0333339,-3.755755626,-3.755755626,-3.681394261,-3.71472816,other,other,,
P02671_GPR(pa)VVER_,GEGDFLAEGGGVRGPRVVERHQSACKDSDWP,FGA(R38),6,24,0.677659354,0,-0.031669779,-2.294351841,-2.294351841,-2.33517143,-2.303501651,other,other,,
P02671_GSCSR(pa)ALAR(pa)EVDLK_,VDIDIKIRSCRGSCSRALAREVDLKDYEDQQ,FGA(R186;R190),13,49,0.806616249,0.083792699,0.016698266,-4.176942382,-4.260735081,-4.20934161,-4.226039876,other,other,,
P02671_NVR(pa)AQLVDMK_,VIEKVQHIQLLQKNVRAQLVDMKRLEVDIDI,FGA(R160),19,67,0.63272127,-0.004254891,-0.034866144,-2.150994689,-2.146739798,-2.15294728,-2.118081136,other,other,,
P02671_QFTSSTSYNR(pa)GDSTFESK_,SSSYSKQFTSSTSYNRGDSTFESKSYKMADE,FGA(R591),16,61,0.824271106,0,0.008819388,-5.867039674,-5.867039674,-5.939657651,-5.948477039,other,other,,
P02671_R(pa)EYHTEK_,GTFEEVSGNVSPGTRREYHTEKLVTSKGDKE,FGA(R426),14,46,0.279235213,-0.129208939,-0.035304207,-2.278522549,-2.149313611,-2.135302561,-2.099998354,other,other,,
P02671_SCR(pa)GSCSR(pa)ALAR_,MKRLEVDIDIKIRSCRGSCSRALAREVDLKD,FGA(R181;R186),11,32,0.621287578,0,-0.056963202,-2.874573054,-2.874573054,-2.867876424,-2.810913222,other,other,,
P02671_VTSGSTTTTR(pa)R(pa)SCSK_,RTGKEKVTSGSTTTTRRSCSKTVTKTVIGPD,FGA(R458;R459),17,65,0.072910808,-0.062922971,-0.092708898,-5.752731679,-5.689808708,-5.763985119,-5.671276221,other,other,,
P02675_ECEEIIR(pa)K_,CNIPVVSGKECEEIIRKGGETSEMYLIQPDS,FGB(R246),18,58,0.18398629,0,-0.037913042,-3.152952546,-3.152952546,-3.19200197,-3.154088928,other,other,,
P02675_IR(pa)PFFPQQ_,WKGSWYSMRKMSMKIRPFFPQQXXXXXXXXX,FGB(R485),4,18,0.749892478,0,-0.016762901,-4.26896896,-4.26896896,-4.256531425,-4.239768524,other,other,,
P02675_R(pa)EEAPSLR_,EGFFSARGHRPLDKKREEAPSLRPAPPPISG,FGB(R53),13,54,0.035122133,-0.021319728,-0.118288747,-1.253939761,-1.232620033,-1.308429613,-1.190140866,other,other,,
P02675_SILENLR(pa)SK_,IPTNLRVLRSILENLRSKIQKLESDVSAQME,FGB(R206),17,60,0.580714775,-0.008756064,-0.022616312,-2.766892884,-2.75813682,-2.73393399,-2.711317678,other,other,,
P02679_R(pa)LDGSVDFK_,CEIDGSGNGWTVFQKRLDGSVDFKKNWIQYK,FGG(R223),15,60,0.626626262,0,-0.064669319,-2.382432788,-2.382432788,-2.435941258,-2.371271938,other,other,,
P02749_ATVVYQGER(pa)VK_,CKVPVKKATVVYQGERVKIQEKFKNGMLHGD,APOH(R279),18,68,0.193106458,-0.029525167,-0.043158058,-3.683036598,-3.653511431,-3.707930246,-3.664772188,other,other,,
P02749_LPECR(pa)EVK_,ITCTTHGNWTKLPECREVKCPFPSRPDNGFV,APOH(R201),7,31,0.076304308,-0.061322624,-0.06764772,-0.605395859,-0.544073235,-0.614923113,-0.547275392,other,other,,
P02751_SEPLIGR(pa)K_,VIALKNNQKSEPLIGRKKTDELPQLVTLPHP,FN1(R1988),8,36,1,-0.002345343,0.040171152,-3.430289174,-3.427943831,-3.37606821,-3.416239362,other,other,,
P02774_SR(pa)LSNLIK_,NRVCSQYAAYGEKKSRLSNLIKLAQKVPTAD,GC(R232),7,29,0.273595704,-0.064820887,-0.001269714,-1.571728869,-1.506907982,-1.526731352,-1.525461639,other,other,,
P02787_AVGNLR(pa)K_,EKYLGEEYVKAVGNLRKCSTSSLLEACTFRR,TF(R682),10,37,0.092900244,-0.032272507,-0.120082094,-4.323125963,-4.290853456,-4.372493269,-4.252411175,other,other,,
P02787_DSGFQMNQLR(pa)GK_,VAVVKKDSGFQMNQLRGKKSCHTGLGRSAGW,TF(R132),18,59,0.219179412,-0.000120544,-0.065516369,-4.557966805,-4.55784626,-4.613528961,-4.548012592,other,other,,
P02787_DYELLCLDGTR(pa)K_,NLNEKDYELLCLDGTRKPVEEYANCHLARAP,TF(R587),15,53,0.339796165,0,-0.051361853,-6.162588679,-6.162588679,-6.167246189,-6.115884336,other,other,,
P02787_LHDR(pa)NTYEK_,LLFRDDTVCLAKLHDRNTYEKYLGEEYVKAV,TF(R663),19,70,0.306854622,-0.038224675,-0.061641145,-5.38131353,-5.343088855,-5.368432406,-5.306791261,other,other,,
P02787_VPPR(pa)MDAK_,LLFKDSAHGFLKVPPRMDAKMYLGYEYVTAI,TF(R327),13,60,0.18346458,-0.007605392,-0.060347619,-2.772022983,-2.764417591,-2.771826287,-2.711478668,other,other,,
P02790_WDR(pa)ELISER_,LFFKGEFVWKSHKWDRELISERWKNFPSPVD,HPX(R83),18,52,0.172303357,-0.005482341,-0.078740389,-0.245800582,-0.240318241,-0.268893702,-0.190153313,other,other,,
P04075_ADDGR(pa)PFPQVIK_,VILFHETLYQKADDGRPFPQVIKSKGGVVGI,ALDOA(R92),6,27,0.904150159,0,0.027276427,-2.393324204,-2.393324204,-2.383887637,-2.411164063,other,other,,
P04075_R(pa)ALANSLACQGK_,GKKENLKAAQEEYVKRALANSLACQGKYTPS,ALDOA(R331),12,37,0.767892035,0.045369134,0.014203941,-2.168507101,-2.213876235,-2.160033132,-2.174237073,other,other,,
P04083_R(pa)NNAQR(pa)QQIK_,VKGVDEATIIDILTKRNNAQRQQIKAAYLQE,ANXA1(R72;R77),14,59,0.571511019,0,0.031095361,-3.11550118,-3.11550118,-3.091658887,-3.122754248,other,other,,
P04114_EDR(pa)ALVDTLK_,EQYSVSATYELQREDRALVDTLKFVTQAEGA,APOB(R1027),5,20,0.533395053,0,-0.019522325,-2.475012637,-2.475012637,-2.480111386,-2.460589061,other,other,,
P04114_INSR(pa)FFGEGTK_,VTQTLKLEDTPKINSRFFGEGTKKMGLAFES,APOB(R297),9,32,0.73838451,0,0.000221152,-4.094305593,-4.094305593,-4.102694325,-4.102915476,other,other,,
P04406_LVTR(pa)AAFNSGK_,KVGVNGFGRIGRLVTRAAFNSGKVDIVAIND,GAPDH(R20),9,36,0.828870447,0,-0.037672924,0.484481823,0.484481823,0.444269,0.481941924,other,other,,
P04406_VGVNGFGR(pa)IGR_,XXXMGKVKVGVNGFGRIGRLVTRAAFNSGKV,GAPDH(R13),2,15,0.822635237,-0.075689392,-0.016113051,-1.371444243,-1.295754851,-1.371444243,-1.355331192,other,other,,
P04844_SVASR(pa)ATVLQK_,TQATVKLEHAKSVASRATVLQKTSFTPVGDV,RPN2(R316),18,65,0.189794164,0,-0.063696276,-3.479667564,-3.479667564,-3.534374749,-3.470678472,other,other,,
O00299_R(pa)R(pa)TETVQK_,WLKGVTFNVTTVDTKRRTETVQKLCPGGQLP,CLIC1(R50;R51),13,51,0.004844278,-0.121069573,-0.241183383,-3.884260093,-3.76319052,-3.981593811,-3.740410428,other,down,,
P05023_R(pa)AVAGDASESALLK_,RAVFQANQENLPILKRAVAGDASESALLKCI,ATP1A1(R445),12,37,0.925024518,0,-0.002609264,-2.372551942,-2.372551942,-2.411441382,-2.408832119,other,other,,
P05026_TEISFR(pa)PNDPK_,GLTQIPQIQKTEISFRPNDPKSYEAYVLNIV,ATP1B1(R91),10,31,0.374568555,-0.042430661,-0.01221576,-2.147846823,-2.105416162,-2.15927502,-2.14705926,other,other,,
P05062_AHR(pa)FPALTQEQK_,XXXXXXXXXXXXMAHRFPALTQEQKKELSEI,ALDOB(R4),17,55,0.536539679,0.023550292,0.036525994,-1.468954137,-1.492504429,-1.37615179,-1.412677784,other,other,,
P05062_LFR(pa)NILK_,FHETLYQKDSQGKLFRNILKEKGIVVGIKLD,ALDOB(R95),10,36,0.716505305,0,0.040523315,-4.865738946,-4.865738946,-4.866847563,-4.907370878,other,other,,
P05062_R(pa)AMANCQAAK_,GKAANKEATQEAFMKRAMANCQAAKGQYVHT,ALDOB(R331),19,65,1,0,-0.023994376,-5.377497672,-5.377497672,-5.379997841,-5.356003465,other,other,,
P05062_VENTEENR(pa)R(pa)QFR_,GNRLQRIKVENTEENRRQFREILFSVDSSIN,ALDOB(R56;R57),11,51,0.370481287,0,-0.027858338,-2.433473024,-2.433473024,-2.453944859,-2.426086521,other,other,,
P05091_SR(pa)VVGNPFDSK_,IYDEFVERSVARAKSRVVGNPFDSKTEQGPQ,ALDH2(R346),16,53,0.18758669,0,-0.033809235,-1.618704154,-1.618704154,-1.643182256,-1.60937302,other,other,,
P05141_AGAER(pa)EFR_,ARTRLAADVGKAGAEREFRGLGDCLVKIYKS,SLC25A5(R152),9,29,0.521282735,0,-0.041219669,-0.144688782,-0.144688782,-0.158779924,-0.117560256,other,other,,
P05141_TR(pa)LAADVGK_,ATSLCFVYPLDFARTRLAADVGKAGAEREFR,SLC25A5(R140),13,52,0.39513291,0,0.078908348,-2.21859887,-2.21859887,-2.132328822,-2.21123717,other,other,,
P05783_ASLENSLR(pa)EVEAR_,LDSMRNLKASLENSLREVEARYALQMEQLNG,KRT18(R325),7,21,1,0,0.001051841,-1.352706567,-1.352706567,-1.353932531,-1.354984371,other,other,,
P05783_TTTR(pa)R(pa)IVDGK_,LDSSNSMQTIQKTTTRRIVDGKVVSETNDTK,KRT18(R411;R412),11,56,0.445854917,-0.069260143,-0.079612533,-2.873398459,-2.804138316,-2.957394603,-2.87778207,other,other,,
P06576_TIAMDGTEGLVR(pa)GQK_,STVRTIAMDGTEGLVRGQKVLDSGAPIKIPV,ATP5F1B(R121),12,31,0.58722259,0,0.007426397,-4.143191861,-4.143191861,-4.092272363,-4.09969876,other,other,,
P06727_GR(pa)LTPYADEFK_,ELKAKIDQNVEELKGRLTPYADEFKVKIDQT,APOA4(R200),10,40,0.714691131,0.031761918,-0.024697962,-3.099299544,-3.131061462,-3.100543739,-3.075845777,other,other,,
P06733_FAGR(pa)NFR(pa)NPLAK_,LRIEEELGSKAKFAGRNFRNPLAKXXXXXXX,ENO1(R426;R429),14,41,0.321611549,-0.101133691,-0.075203779,-4.39891996,-4.297786269,-4.35611535,-4.280911571,other,other,,
P06733_NFR(pa)NPLAK_,EEELGSKAKFAGRNFRNPLAKXXXXXXXXXX,ENO1(R429),10,26,0.119249421,-0.149316687,-0.164524391,-2.708369522,-2.559052836,-2.723477263,-2.558952872,other,other,,
P06744_AALTR(pa)DPQFQK_,XXXXXXXXXXMAALTRDPQFQKLQQWYREHR,GPI(R6),10,36,0.527458956,0,-0.016436531,-1.126453082,-1.126453082,-1.136265421,-1.11982889,other,other,,
P06744_QQR(pa)EAR(pa)VQ_,HDASTNGLINFIKQQREARVQXXXXXXXXXX,GPI(R553;R556),7,30,0.139747736,-0.112707005,-0.173463555,-1.180299882,-1.067592878,-1.186095047,-1.012631492,other,other,,
P06744_SFCQR(pa)VR(pa)SGDWK_,PEVNKVLDKMKSFCQRVRSGDWKGYTGKTIT,GPI(R135;R137),11,43,0.84579319,0,0.025887456,-3.075072278,-3.075072278,-3.008650734,-3.03453819,other,other,,
P06748_SIR(pa)DTPAK_,DDEEAEEKAPVKKSIRDTPAKNAQKSNQNGK,NPM1(R197),14,46,0.300316476,-0.029432899,-0.063016727,-1.329073708,-1.299640809,-1.353793604,-1.290776877,other,other,,
P07237_FFR(pa)NGDTASPK_,AQQYGVRGYPTIKFFRNGDTASPKEYTAGRE,P4HB(R106),9,27,0.811171669,0,0.015833797,-2.912565234,-2.912565234,-2.888097733,-2.90393153,other,other,,
P07305_NR(pa)AGSSR(pa)QSIQK_,KYSDMIVAAIQAEKNRAGSSRQSIQKYIKSH,H1-0(R42;R47),17,64,0.846873699,0,-0.001021257,-4.811634612,-4.811634612,-4.775438307,-4.77441705,other,other,,
P07305_R(pa)LVTTGVLK_,KVGENADSQIKLSIKRLVTTGVLKQTKGVGA,H1-0(R74),14,56,0.26176556,-0.043460021,-0.173527477,-2.808805923,-2.765345903,-2.842192601,-2.668665124,other,other,,
P07339_VER(pa)QVFGEATK_,QSASSASALGGVKVERQVFGEATKQPGITFI,CTSD(R176),19,60,0.097728106,-0.001396981,-0.043781211,-1.989391411,-1.98799443,-2.033017517,-1.989236305,other,other,,
P07355_DIISDTSGDFR(pa)K_,TDLEKDIISDTSGDFRKLMVALAKGRRAEDG,ANXA2(R168),16,55,0.873570393,0,-0.017209961,-2.685297798,-2.685297798,-2.702905729,-2.685695768,other,other,,
P25705_R(pa)LTDADAMK_,VAIGQKRSTVAQLVKRLTDADAMKYTIVVSA,ATP5F1A(R262),17,62,0.000598441,-0.032724386,-0.239757318,-2.863907749,-2.831183363,-2.99237387,-2.752616552,other,down,,
P07585_ISR(pa)VDAASLK_,PPSLTELHLDGNKISRVDAASLKGLNNLAKL,DCN(R235),16,53,0.99425311,0,0.026328978,-1.185900438,-1.185900438,-1.168764973,-1.19509395,other,other,,
P07585_LER(pa)LYLSK_,SKVSPGAFTPLVKLERLYLSKNQLKELPEKM,DCN(R133),10,43,0.312506933,-0.000433408,-0.022414164,-4.104604854,-4.104171445,-4.08646586,-4.064051696,other,other,,
P07900_IR(pa)YESLTDPSK_,LRELISNSSDALDKIRYESLTDPSKLDSGKE,HSP90AA1(R60),7,25,0.8133093,0,0.031882892,-2.767323456,-2.767323456,-2.739312557,-2.771195449,other,other,,
P08603_ENER(pa)FQYK_,NGSPISQKIIYKENERFQYKCNMGYEYSERG,CFH(R232),12,34,0.530060849,0,-0.037431244,-3.633380617,-3.633380617,-3.640799988,-3.603368744,other,other,,
P08603_R(pa)ITCR(pa)NGQWSEPPK_,VEYQCQNLYQLEGNKRITCRNGQWSEPPKCL,CFH(R1149;R1153),12,32,0.778443874,0.018868337,-0.021740805,-3.14261388,-3.161482218,-3.209386941,-3.187646136,other,other,,
P08603_SCDIPVFMNAR(pa)TK_,PTCIKSCDIPVFMNARTKNDFTWFKLNDTLD,CFH(R518),7,37,0.809201285,-0.060898186,-0.009071318,-4.57040067,-4.509502484,-4.522594631,-4.513523313,other,other,,
P08670_AR(pa)VEVER_,RELRRQVDQLTNDKARVEVERDNLAEDIMRL,VIM(R170),18,64,0.860574908,0,0.001794481,-1.423344338,-1.423344338,-1.448541006,-1.450335487,other,other,,
P08670_FADLSEAANR(pa)NNDALR_,EWYKSKFADLSEAANRNNDALRQAKQESTEY,VIM(R304),18,56,0.370152045,0.013677782,0.040393181,-3.318385644,-3.332063426,-3.306713768,-3.347106949,other,other,,
P08670_GTNESLER(pa)QMR_,TCEVDALKGTNESLERQMREMEENFAVEAAN,VIM(R342),13,41,0.110269963,-0.009072292,-0.044059582,-2.313172948,-2.304100656,-2.325671578,-2.281611996,other,other,,
P08670_NNDALR(pa)QAK_,FADLSEAANRNNDALRQAKQESTEYRRQVQS,VIM(R310),15,59,0.005185218,-0.028791932,-0.098437316,-3.378054311,-3.349262379,-3.412882301,-3.314444985,other,other,,
P08670_R(pa)QVDQLTNDK_,SRLGDLYEEEMRELRRQVDQLTNDKARVEVE,VIM(R159),13,52,0.777961231,0,-0.052404511,-4.032295144,-4.032295144,-4.077059358,-4.024654847,other,other,,
P08670_SR(pa)LGDLYEEEMR_,ILLAELEQLKGQGKSRLGDLYEEEMRELRRQ,VIM(R145),19,70,0.634422309,0.044051602,-0.01323654,-2.015587033,-2.059638635,-2.026958328,-2.013721789,other,other,,
O43707_EGLLLWCQR(pa)K_,VEETSAKEGLLLWCQRKTAPYKNVNVQNFHI,ACTN4(R175),5,19,0.040810971,0,-0.192133368,-5.826280068,-5.826280068,-5.977337913,-5.785204545,other,down,,
P09382_VR(pa)GEVAPDAK_,VASNLNLKPGECLRVRGEVAPDAKSFVLNLG,LGALS1(R21),10,43,0.253754799,0,-0.173043305,-2.029024803,-2.029024803,-2.143732615,-1.970689311,other,other,,
P09493_HIAEDADR(pa)K_,EIQLKEAKHIAEDADRKYEEVARKLVIIESD,TPM1(R160),9,36,0.454403842,0,-0.028186386,-3.116304829,-3.116304829,-3.100032632,-3.071846246,other,other,,
P09493_VIESR(pa)AQK_,KAADESERGMKVIESRAQKDEEKMEIQEIQL,TPM1(R133),17,58,0.95406492,0.003634722,-0.034457031,-3.137841963,-3.141476685,-3.12555874,-3.09110171,other,other,,
P10809_APGFGDNR(pa)K_,GLQVVAVKAPGFGDNRKNQLKDMAIATGGAV,HSPD1(R309),10,30,0.013681932,-0.117374367,-0.190908063,-2.351214303,-2.233839937,-2.376865946,-2.185957883,other,down,,
P0C0L4_QR(pa)VEASISK_,GLAVFQDEGAEPLKQRVEASISKANSFLGEK,C4A(R1167),5,29,0.788905621,0.008764001,0.000373133,-2.982291549,-2.99105555,-2.972523972,-2.972897104,other,other,,
P10515_GR(pa)VFVSPLAK_,TPSAPCPATPAGPKGRVFVSPLAKKLAVEKG,DLAT(R354),15,54,0.016468087,-0.05388509,-0.133513457,-3.290757368,-3.236872278,-3.329459909,-3.195946451,other,other,,
P10643_NAR(pa)CVQK_,LCGSSLKWSPEMKNARCVQKENPLTQAVPKC,C7(R687),3,21,1,0,-0.004393538,-2.008566653,-2.008566653,-2.001487011,-1.997093474,other,other,,
P31327_LSR(pa)SSALASK_,TSMEYCIIEVNARLSRSSALASKATGYPLAF,CPS1(R721),9,35,0.010735844,-0.146497439,-0.189436758,-2.0219108,-1.875413361,-1.979134379,-1.789697621,down,down,,
P10809_LNER(pa)LAK_,LDVTTSEYEKEKLNERLAKLSDGVAVLKVGG,HSPD1(R393),6,35,0.353704462,0,0.093016093,-1.689086144,-1.689086144,-1.650054148,-1.743070241,other,other,,
P10909_ALQEYR(pa)K_,PKFMETVAEKALQEYRKKHREEXXXXXXXXX,CLU(R443),14,37,0.486957383,0,0.017522738,-3.843357391,-3.843357391,-3.808798507,-3.826321245,other,other,,
P11021_DNR(pa)AVQK_,KLYKKKTGKDVRKDNRAVQKLRREVEKAKRA,HSPA5(R283),17,49,0.560691778,0,0.020918611,-2.62866008,-2.62866008,-2.584799557,-2.605718169,other,other,,
P11142_R(pa)NTTIPTK_,LGIETAGGVMTVLIKRNTTIPTKQTQTFTTY,HSPA8(R416),13,49,0.142702246,-0.023882438,-0.045544527,-3.04722742,-3.023344982,-3.038665906,-2.99312138,other,other,,
P11168_ER(pa)EEASSEQK_,GYDDVTKDINEMRKEREEASSEQKVSIIQLF,SLC2A2(R280),12,37,0.934719944,0.023203513,-0.010306548,-4.10010889,-4.123312402,-4.097745674,-4.087439126,other,other,,
P11310_EFQATAR(pa)K_,SFEFTEQQKEFQATARKFAREEIIPVAAEYD,ACADM(R53),14,32,0.220987816,0,-0.072157118,-2.67454036,-2.67454036,-2.714079382,-2.641922265,other,other,,
P12111_FR(pa)QSSPDSVK_,YVLTEDTLKVYLNKFRQSSPDSVKVVIHFTD,COL6A3(R1938),14,37,0.563764065,0.046602134,0.023924698,-2.513739136,-2.56034127,-2.487494889,-2.511419587,other,other,,
P12111_R(pa)EVITAVR(pa)K_,DTVRPEFYFNTHPTKREVITAVRKMKPLDGS,COL6A3(R506;R513),12,43,0.205432849,0,-0.052223475,-2.37428482,-2.37428482,-2.395076823,-2.342853347,other,other,,
P12111_SSDR(pa)VDGPASNLK_,VLQFLVLLVAGRSSDRVDGPASNLKQSGVVP,COL6A3(R955),9,34,0.846020729,0.001840479,-0.018893147,-2.63401042,-2.635850899,-2.630671321,-2.611778174,other,other,,
P12277_R(pa)LR(pa)LQK_,LPNLGKHEKFSEVLKRLRLQKRGTGGVDTAA,CKB(R314;R316),9,29,0.114821085,-0.052420523,-0.044889508,-0.916991818,-0.864571295,-0.910436524,-0.865547017,other,other,,
P61981_R(pa)ATVVESSEK_,GDYYRYLAEVATGEKRATVVESSEKAYSEAH,YWHAG(R143),12,35,0.038662299,-0.032991333,-0.185939492,-2.561999904,-2.529008571,-2.658529032,-2.47258954,other,down,,
P13639_GEGQLGPAER(pa)AK_,AKFAAKGEGQLGPAERAKKVEDMMKKLWGDR,EEF2(R249),17,59,0.840187901,0,0.04311496,-1.227509222,-1.227509222,-1.140025583,-1.183140543,other,other,,
P13804_VVVSGGR(pa)GLK_,DRPELTGAKVVVSGGRGLKSGENFKLLYDLA,ETFA(R223),13,52,0.086234763,-0.003604884,-0.040515854,-1.885819987,-1.882215103,-1.865206484,-1.824690631,other,other,,
P14174_IGGAQNR(pa)SYSK_,LCSLHSIGKIGGAQNRSYSKLLCGLLAERLR,MIF(R74),6,21,0.880988834,0.05269634,-0.00042752,-2.271202879,-2.323899218,-2.2799287,-2.27950118,other,other,,
P14550_AVPR(pa)EELFVTSK_,GEALKEDVGPGKAVPREELFVTSKLWNTKHH,AKR1A1(R72),16,51,0.389636668,0,-0.047289594,-2.918887569,-2.918887569,-2.900411116,-2.853121521,other,other,,
P14618_APIIAVTR(pa)NPQTAR_,QVARYRPRAPIIAVTRNPQTARQAHLYRGIF,PKM(R455),18,65,1,0.00646154,-0.035161733,-3.041855545,-3.048317085,-3.051625299,-3.016463566,other,other,,
P14618_GPEIR(pa)TGLIK_,YRPVAVALDTKGPEIRTGLIKGSGTAEVELK,PKM(R120),16,47,0.451136269,-0.029339344,-0.034086356,-2.781014565,-2.751675221,-2.772340884,-2.738254527,other,other,,
P14625_ESR(pa)EAVEK_,KEGVKFDESEKTKESREAVEKEFEPLLNWMK,HSP90B1(R608),15,58,0.050428256,-0.051025111,-0.07250417,-2.841476453,-2.790451342,-2.841109543,-2.768605373,other,other,,
P14625_R(pa)FQNVAK_,VDEYCIQALPEFDGKRFQNVAKEGVKFDESE,HSP90B1(R587),11,47,0.643768914,-0.02795847,-0.021424779,-3.501635783,-3.473677313,-3.511523805,-3.490099026,other,other,,
P15121_SVTPER(pa)IAENFK_,MQRNLVVIPKSVTPERIAENFKVFDFELSSQ,AKR1B1(R269),12,33,0.597336423,-0.004808793,-0.034072343,-4.348434539,-4.343625746,-4.36623746,-4.332165117,other,other,,
P15311_AQAR(pa)EEK_,RKPDTIEVQQMKAQAREEKHQKQLERQQLET,EZR(R310),7,43,0.465384788,-0.032029589,-0.066860756,-3.9272716,-3.895242011,-3.956807565,-3.889946809,other,other,,
P15311_QLER(pa)QQLETEK_,MKAQAREEKHQKQLERQQLETEKKRRETVER,EZR(R320),9,23,0.158796742,-0.046903938,-0.187215061,-2.208452395,-2.161548457,-2.245321965,-2.058106903,other,other,,
P15311_TLR(pa)QIR(pa)QGNTK_,HNENMRQGRDKYKTLRQIRQGNTKQRIDEFE,EZR(R569;R572),7,40,0.019535303,-0.116871883,-0.130503989,-3.807801259,-3.690929376,-3.795867489,-3.6653635,other,other,,
P15311_VSAQEVR(pa)K_,PTWLKLDKKVSAQEVRKENPLQFKFRAKFYP,EZR(R71),13,52,0.473091511,0,-0.043437463,-2.245190726,-2.245190726,-2.27329802,-2.229860557,other,other,,
P16401_ER(pa)NGLSLAALK_,PVSELITKAVAASKERNGLSLAALKKALAAG,H1-5(R57),13,46,0.955601356,0,-0.012020544,-4.745913927,-4.745913927,-4.759142387,-4.747121843,other,other,,
P16422_SLR(pa)TALQK_,LKHKAREKPYDSKSLRTALQKEITTRYQLDP,EPCAM(R163),8,39,0.006678415,-0.178499137,-0.185242078,-4.224158125,-4.045658987,-4.236443589,-4.051201511,down,down,,
P16662_R(pa)VINDPSYK_,DFNTMSSTDLLNALKRVINDPSYKENVMKLS,UGT2B7(R431),17,54,0.10624907,0,-0.07130027,-2.977126686,-2.977126686,-3.005979618,-2.934679348,other,other,,
P18124_R(pa)R(pa)NFAELK_,KKKEVPAVPETLKKKRRNFAELKIKRLRKKF,RPL7(R22;R23),3,10,0.397375604,-0.278570079,-0.123375269,-1.77420018,-1.495630102,-1.717767675,-1.594392406,other,other,,
P18206_NR(pa)NFTVEK_,TKNSKNQGIEEALKNRNFTVEKMSAEINEII,VCL(R230),16,60,0.006905613,-0.04826873,-0.123094759,-1.41188551,-1.36361678,-1.455477681,-1.332382922,other,other,,
P19338_GQNQDYR(pa)GGK_,ISLYYTGEKGQNQDYRGGKNSTWSGESKTLV,NCL(R474),15,46,0.741201969,0,-0.041512741,-4.110819554,-4.110819554,-4.105256748,-4.063744008,other,other,,
P19827_R(pa)QAVDTAVDGVFIR_,PALGSATGRSKSSEKRQAVDTAVDGVFIRSL,ITIH1(R41),8,41,0.147842825,-0.003238358,-0.078565565,-2.327798917,-2.324560559,-2.388023461,-2.309457896,other,other,,
P19827_VTYDVSR(pa)DK_,TSLLNGHFKVTYDVSRDKICDLLVANNHFAH,ITIH1(R264),4,27,0.952589426,-0.012905337,-0.039635377,-1.339070503,-1.326165165,-1.329344592,-1.289709215,other,other,,
P20962_R(pa)AAEEEDEADPK_,DEEEEEEDDEGPALKRAAEEEDEADPKRQKT,PTMS(R81),4,27,0.442273612,-0.060242195,-0.097268324,-2.546476348,-2.486234152,-2.597765867,-2.500497543,other,other,,
P21333_AEISFEDR(pa)K_,IAVEGPSKAEISFEDRKDGSCGVAYVVQEPG,FLNA(R2288),12,39,0.458983862,0.021313813,0.01024826,-2.551603246,-2.572917059,-2.541376954,-2.551625214,other,other,,
P21333_AR(pa)GPGLEK_,IRDAPQDFHPDRVKARGPGLEKTGVAVNKPA,FLNA(R678),18,62,0.595532864,0,-0.039607544,-3.067371271,-3.067371271,-3.103101691,-3.063494147,other,other,,
P21333_R(pa)LTVSSLQESGLK_,SPFVVPVASPSGDARRLTVSSLQESGLKVNQ,FLNA(R2334),18,50,0.042747724,-0.005202584,-0.094390404,-2.932831458,-2.927628874,-2.971241326,-2.876850921,other,other,,
P21333_VR(pa)AWGPGLEGGVVGK_,PFEVKVGTECGNQKVRAWGPGLEGGVVGKSA,FLNA(R580),12,42,0.219186318,-0.095616704,-0.048175419,-5.797582316,-5.701965612,-5.755183618,-5.7070082,other,other,,
P21695_VAEAFAR(pa)TGK_,TCYGGRNRKVAEAFARTGKSIEQLEKELLNG,GPD1(R279),10,24,0.343595861,-0.057325982,-0.050027866,-1.243510924,-1.186184941,-1.233460851,-1.183432985,other,other,,
P21796_SAR(pa)DVFTK_,XMAVPPTYADLGKSARDVFTKGYGFGLIKLD,VDAC1(R15),18,64,0.883007165,-0.004874263,0.033757456,-1.731165095,-1.726290832,-1.69717709,-1.730934545,other,other,,
P21796_SR(pa)VTQSNFAVGYK_,GWLAGYQMNFETAKSRVTQSNFAVGYKTDEF,VDAC1(R163),11,37,0.263791302,0.029844362,0.085212951,-3.156580886,-3.186425248,-3.131454225,-3.216667176,other,other,,
P21810_AFSPLR(pa)K_,NNKISKIHEKAFSPLRKLQKLYISKNHLVEI,BGN(R138),9,22,0.180346638,-0.112187907,-0.100582132,-4.713343,-4.601155094,-4.618812263,-4.518230131,other,other,,
P22307_FSDR(pa)TIPTDK_,FEKMSKGSLGIKFSDRTIPTDKHVDLLINKY,SCP2(R136),11,34,0.494681771,-0.029151162,-0.011778829,-2.515141,-2.485989838,-2.523362054,-2.511583224,other,other,,
P22626_TLETVPLER(pa)K_,XXXXMEKTLETVPLERKKREKEQFRKLFIGG,HNRNPA2B1(R12),14,43,0.798516108,-0.02810453,-0.010813252,-2.69343875,-2.66533422,-2.629665946,-2.618852694,other,other,,
P22695_ANYR(pa)GGEIR_,NMRGGLGLSGAKANYRGGEIREQNGDSLVHA,UQCRC2(R254),10,22,0.64028393,0,-0.013370457,-1.408781296,-1.408781296,-1.405321603,-1.391951145,other,other,,
P23284_VLEGMEVVR(pa)K_,KHVVFGKVLEGMEVVRKVESTKTDSRDKPLK,PPIB(R180),17,60,0.017436359,-0.120597799,-0.100513151,-3.195003484,-3.074405685,-3.212087755,-3.111574604,other,other,,
P23528_DR(pa)CTLAEK_,IKHELQANCYEEVKDRCTLAEKLGGSAVISL,CFL1(R146),7,12,0.204695203,0.071605076,0.185405268,-3.15984069,-3.231445766,-3.067405404,-3.252810672,other,other,,
P25705_AVDSLVPIGR(pa)GQR_,MQTGIKAVDSLVPIGRGQRELIIGDRQTGKT,ATP5F1A(R204),14,38,0.686689471,-0.023371636,-0.013726573,-1.408946806,-1.38557517,-1.411335866,-1.397609293,other,other,,
P25705_ISVR(pa)EPMQTGIK_,RVGLKAPGIIPRISVREPMQTGIKAVDSLVP,ATP5F1A(R186),19,63,0.094660675,0,-0.058092748,-0.970423954,-0.970423954,-1.014813681,-0.956720933,other,other,,
P55084_TSNVAR(pa)EAALGAGFSDK_,IFGTVIQEVKTSNVAREAALGAGFSDKTPAH,HADHB(R117),19,64,0.022774542,-0.085526806,-0.182247755,-3.951240787,-3.865713982,-4.010869236,-3.828621481,other,down,,
P25705_R(pa)STVAQLVK_,EKKKLYCIYVAIGQKRSTVAQLVKRLTDADA,ATP5F1A(R253),13,43,0.129247108,0,-0.063376728,-2.23681684,-2.23681684,-2.277513261,-2.214136533,other,other,,
P25705_VGSAAQTR(pa)AMK_,NVGLSVSRVGSAAQTRAMKQVAGTMKLELAQ,ATP5F1A(R424),14,36,0.055544806,0,-0.114411861,-2.017870038,-2.017870038,-2.079426619,-1.965014758,other,other,,
P26038_EALLQASR(pa)DQK_,RQEAEEAKEALLQASRDQKKTQEQLALEMAE,MSN(R408),18,57,0.724913072,0,-0.034113,-2.078095081,-2.078095081,-2.113296802,-2.079183803,other,other,,
P26038_VTAQDVR(pa)K_,STWLKLNKKVTAQDVRKESPLLFKFRAKFYP,MSN(R71),1,3,1,0,0.012683361,-2.483171112,-2.483171112,-2.483171112,-2.495854473,other,other,,
P27348_YLAEVACGDDR(pa)K_,GDYFRYLAEVACGDDRKQTIDNSQGAYQEAF,YWHAQ(R138),11,26,0.162701235,-0.038662985,-0.056620331,-1.617203253,-1.578540268,-1.647513858,-1.590893527,other,other,,
P27824_GLVLMSR(pa)AK_,KESKLPGDKGLVLMSRAKHHAISAKLNKPFL,CANX(R125),16,62,0.24663931,-0.000104925,-0.062574374,-2.401823426,-2.401718501,-2.419218911,-2.356644538,other,other,,
P29401_GR(pa)GITGVEDK_,AKHQPTAIIAKTFKGRGITGVEDKESWHGKP,TKT(R246),16,58,0.505667868,0.002595522,-0.038001176,-3.070003882,-3.072599404,-3.081346714,-3.043345539,other,other,,
P29972_SSDLTDR(pa)VK_,IYDFILAPRSSDLTDRVKVWTSGQVEEYDLD,AQP1(R241),13,50,0.777105448,0,0.006201004,-2.489763666,-2.489763666,-2.438480827,-2.44468183,other,other,,
P30038_AIEAALAAR(pa)K_,DKSLLNKAIEAALAARKEWDLKPIADRAQIF,ALDH4A1(R113),7,39,0.32212695,-0.052435576,-0.046722207,-0.967240177,-0.914804601,-0.989717397,-0.94299519,other,other,,
P30041_R(pa)VATPVDWK_,EILRVVISLQLTAEKRVATPVDWKDGDSVMV,PRDX6(R174),13,42,0.284470496,0,-0.046907701,-2.655121393,-2.655121393,-2.663653357,-2.616745656,other,other,,
P30043_VLR(pa)ESGLK_,LQAVTDDHIRMHKVLRESGLKYVAVMPPHIG,BLVRB(R140),9,30,0.531666047,0,-0.082386898,-2.160955029,-2.160955029,-2.226458912,-2.144072014,other,other,,
P30084_NNTVGLIQLNR(pa)PK_,EKRGKNNTVGLIQLNRPKALNALCDGLIDEL,ECHS1(R54),19,61,0.492221979,0,-0.051555138,-4.229419734,-4.229419734,-4.248687521,-4.197132383,other,other,,
P30086_NR(pa)PTSISWDGLDSGK_,VDELGKVLTPTQVKNRPTSISWDGLDSGKLY,PEBP1(R49),10,51,0.87534971,0.012042125,0.051004575,-4.230666827,-4.242708952,-4.168555813,-4.219560387,other,other,,
P30086_VASFR(pa)K_,NRSGDHRGKFKVASFRKKYELRAPVAGTCYQ,PEBP1(R155),12,28,0.964144692,0,0.020555573,-4.399631193,-4.399631193,-4.377716889,-4.398272462,other,other,,
P30101_LNFAVASR(pa)K_,KFLDAGHKLNFAVASRKTFSHELSDFGLEST,PDIA3(R304),6,35,0.150581987,0.150447955,0.053738594,-3.024024201,-3.174472156,-3.049280309,-3.103018902,other,other,,
P31040_IYQR(pa)AFGGQSLK_,YGMPFSRTEDGKIYQRAFGGQSLKFGKGGQA,SDHA(R171),15,58,0.961474564,0,0.002926205,-2.986564306,-2.986564306,-2.985143845,-2.98807005,other,other,,
P31327_EWPSNLDLR(pa)K_,PRLPMNKEWPSNLDLRKELSEPSSTRIYAIA,CPS1(R840),13,43,0.069947197,-0.555859386,-0.475713368,-2.608479524,-2.052620138,-2.655616069,-2.179902702,other,other,,
P31327_LR(pa)DADPILR_,DYVAIKAPMFSWPRLRDADPILRCEMASTGE,CPS1(R1319),10,36,0.438604062,0.039711013,0.202375511,-2.051489773,-2.091200786,-1.889524842,-2.091900352,other,other,,
P08708_AAR(pa)VIIEK_,XXMGRVRTKTVKKAARVIIEKYYTRLGNDFH,RPS17(R14),10,40,0.012999612,-0.255544137,-0.178128608,-3.526012062,-3.270467925,-3.423669805,-3.245541197,down,down,,
P31513_SR(pa)NNEIILFK_,YSFAYPFLDESIIKSRNNEIILFKGVFPPLL,FMO3(R346),16,55,0.151218055,-0.024797614,-0.085366972,-3.916872636,-3.892075021,-3.962148574,-3.876781601,other,other,,
P31930_NR(pa)PGSALEK_,AGYFLEHLAFKGTKNRPGSALEKEVESMGAH,UQCRC1(R104),15,53,0.121556108,0,-0.075146208,-3.069124016,-3.069124016,-3.099067303,-3.023921095,other,other,,
P35268_AGNLGGGVVTIER(pa)SK_,NGKAGNLGGGVVTIERSKSKITVTSEVPFSK,RPL22(R65),4,23,0.463880646,-0.031286356,-0.017064972,-4.012893002,-3.981606646,-3.983869198,-3.966804226,other,other,,
P35542_AEEWGR(pa)SGK_,VLEDSKSNEKAEEWGRSGKDPDRFRPDGLPK,SAA4(R113),10,38,0.249532577,-0.00213195,-0.053699712,-3.469999351,-3.467867401,-3.469459886,-3.415760174,other,other,,
P35579_AELER(pa)LNK_,ARALEEAMEQKAELERLNKQFRTEMEDLMSS,MYH9(R1497),12,21,0.320758819,-0.058646556,-0.068587411,-1.631081706,-1.57243515,-1.597976504,-1.529389094,other,other,,
P35579_ASR(pa)EEILAQAK_,QMKDCMRELDDTRASREEILAQAKENEKKLK,MYH9(R1661),10,48,0.322930349,0,-0.060747649,-3.523604965,-3.523604965,-3.527117638,-3.46636999,other,other,,
P35579_ER(pa)QAACK_,KIAQLEEQLDNETKERQAACKQVRRTEKKLK,MYH9(R1830),9,18,0.679053352,0,0.013429807,-0.426118752,-0.426118752,-0.389554892,-0.402984699,other,other,,
P35579_NENAR(pa)QQLER_,DLNLERSHAQKNENARQQLERQNKELKVKLQ,MYH9(R1780),5,33,1,0,0.014521958,-2.13423695,-2.13423695,-2.090036714,-2.104558671,other,other,,
P35579_R(pa)EQEVNILK_,DTLDSTAAQQELRSKREQEVNILKKTLEEEA,MYH9(R1165),17,67,0.826546278,-0.007121087,0.008863414,-2.135250673,-2.128129586,-2.08920391,-2.098067324,other,other,,
P35579_R(pa)QQQLTAMK_,QACCRGYLARKAFAKRQQQLTAMKVLQRNCA,MYH9(R802),5,16,0.835397342,0.062832523,-0.005050362,-1.255436434,-1.318268957,-1.276725776,-1.271675414,other,other,,
P35579_SR(pa)AIR(pa)QAK_,YIVGANIETYLLEKSRAIRQAKEERTFHIFY,MYH9(R263;R266),16,60,0.041934348,-0.088286044,-0.16909034,-2.64212671,-2.553840666,-2.675346801,-2.506256461,other,down,,
P35579_VGR(pa)DYVQK_,TDFTRGILTPRIKVGRDYVQKAQTKEQADFA,MYH9(R398),18,54,0.428562531,-0.013035056,-0.075382604,-1.500517821,-1.487482765,-1.556079221,-1.480696618,other,other,,
P35711_QR(pa)QQMELAK_,HDEQKKLAASQIEKQRQQMELAKQQQEQIAR,SOX5(R235),5,18,0.520122054,-0.045801046,-0.034516572,-3.986001831,-3.940200785,-3.976560788,-3.942044216,other,other,,
P35749_ASR(pa)DEIFATAK_,QMKDFQRELEDARASRDEIFATAKENEKKAK,MYH11(R1668),17,60,0.676425772,0,-0.015909851,-2.760775778,-2.760775778,-2.729211745,-2.713301894,other,other,,
P35749_NESAR(pa)QQLER_,ELATERSTAQKNESARQQLERQNKELRSKLH,MYH11(R1787),9,34,0.832547565,-0.016512063,0.032094745,-3.100621931,-3.084109868,-2.981967514,-3.014062259,other,other,,
P35749_QR(pa)ALAAAAK_,QLHEYETELEDERKQRALAAAAKKKLEGDLK,MYH11(R1612),17,54,0.157060911,0,-0.054188568,-2.36682133,-2.36682133,-2.396838057,-2.34264949,other,other,,
P35749_R(pa)LVWVPSEK_,NFINSPVAQADWAAKRLVWVPSEKQGFEAAS,MYH11(R34),9,40,0.015992961,-0.037797817,-0.081946254,-2.602004915,-2.564207098,-2.617298207,-2.535351954,other,other,,
P35749_SILTPR(pa)IK_,MGINVTDFTRSILTPRIKVGRDVVQKAQTKE,MYH11(R400),16,47,0.622817148,0,-0.042273645,-1.795077494,-1.795077494,-1.77379302,-1.731519374,other,other,,
P35749_VGR(pa)DVVQK_,TDFTRSILTPRIKVGRDVVQKAQTKEQADFA,MYH11(R405),19,65,0.072262368,0,-0.10054839,-2.418447704,-2.418447704,-2.467548198,-2.366999808,other,other,,
P35749_WILTR(pa)VNK_,LAKATYERLFRWILTRVNKALDKTHRQGASF,MYH11(R439),16,47,0.133695353,-0.001967849,-0.163743957,-3.720368026,-3.718400177,-3.850228359,-3.686484402,other,other,,
P36542_DITR(pa)R(pa)LK_,QWIQVRNMATLKDITRRLKSIKNIQKITKSM,ATP5F1C(R33;R34),10,44,0.086675585,-0.06852797,-0.10348352,-2.342309415,-2.273781444,-2.376355566,-2.272872046,other,other,,
P37802_ENPR(pa)NFSDNQLQEGK_,SGDPNWFPKKSKENPRNFSDNQLQEGKNVIG,TAGLN2(R160),16,59,0.522244965,0,-0.011451011,-4.222860242,-4.222860242,-4.161172808,-4.149721796,other,other,,
P38646_LINR(pa)NTTIPTK_,LGIETLGGVFTKLINRNTTIPTKKSQVFSTA,HSPA9(R460),17,67,0.959610274,0,0.019487651,-2.925953693,-2.925953693,-2.903730866,-2.923218517,other,other,,
P38646_R(pa)ETGVDLTK_,DFDQALLRHIVKEFKRETGVDLTKDNMALQR,HSPA9(R292),12,40,0.818518891,0,-0.0388818,-1.809451519,-1.809451519,-1.838959757,-1.800077957,other,other,,
P39023_LLPLR(pa)QK_,VIRVIAHTQMRLLPLRQKKAHLMEIQVNGGT,RPL3(R174),12,43,0.022954815,-0.030473895,-0.064742726,-1.065533092,-1.035059197,-1.090221579,-1.025478853,other,other,,
P40429_R(pa)GQAALDR(pa)LK_,IFWRTVRGMLPHKTKRGQAALDRLKVFDGIP,RPL13A(R94;R101),11,50,0.127724628,-0.036638943,-0.116059342,-1.996058377,-1.959419434,-2.047782772,-1.93172343,other,other,,
P42765_ISR(pa)EECDK_,MAMTAENLAVKHKISREECDKYALQSQQRWK,ACAA2(R176),11,43,0.982686198,0,0.040606876,-1.738693841,-1.738693841,-1.668825274,-1.70943215,other,other,,
P42765_YALQSQQR(pa)WK_,ISREECDKYALQSQQRWKAANDAGYFNDEMA,ACAA2(R189),9,26,1,0,0.006477439,-3.10021533,-3.10021533,-3.106878888,-3.113356326,other,other,,
P42766_VELSQLR(pa)VAK_,LLKQLDDLKVELSQLRVAKVTGGAASKLSKI,RPL35(R32),10,57,0.703385021,0.086240579,-0.084814733,-3.256582973,-3.342823551,-3.377795125,-3.292980393,other,other,,
P45880_AAR(pa)DIFNK_,PMCIPPSYADLGKAARDIFNKGFGFGLVKLD,VDAC2(R26),17,54,0.094120463,0.015584367,0.177836808,-1.618814013,-1.63439838,-1.55583862,-1.733675428,other,other,,
P46776_R(pa)NQSFCPTVNLDK_,PGYFGKVGMKHYHLKRNQSFCPTVNLDKLWT,RPL27A(R65),15,39,0.694744116,0,-0.032620014,-3.621889716,-3.621889716,-3.650399779,-3.617779766,other,other,,
P46781_SR(pa)LDQELK_,CRKTYVTPRRPFEKSRLDQELKLIGEYGLRN,RPS9(R24),12,50,0.658808313,0.018210127,0.002344104,-2.439218988,-2.457429115,-2.421893455,-2.424237559,other,other,,
P47897_ANNGICFLR(pa)_,FNFGYAKANNGICFLRFDDTNPEKEEAKFFT,QARS1(R301),2,19,0.856732441,-0.05865163,-0.078297402,-1.06376908,-1.00511745,-1.06376908,-0.985471677,other,other,,
P47985_SSR(pa)ESSEAR(pa)K_,SEYRRLEVLDSTKSSRESSEARKGFSYLVTG,UQCRFS1(R104;R110),5,24,0.147159595,-0.029949805,-0.07805472,-3.452179492,-3.422229687,-3.496211153,-3.418156434,other,other,,
P48735_ATDFVADR(pa)AGTFK_,HAHGDQYKATDFVADRAGTFKMVFTPKDGSG,IDH2(R188),16,61,0.031611835,-0.04154873,-0.091998075,-3.255861872,-3.214313141,-3.253630524,-3.161632449,other,other,,
P50440_R(pa)VMVDANEVPIQK_,SSKWLSMNVLMLDEKRVMVDANEVPIQKMFE,GATM(R369),19,65,0.470168981,0,-0.048013824,-2.74736144,-2.74736144,-2.775796728,-2.727782905,other,other,,
P50914_WAATR(pa)WAK_,QAWQKADINTKWAATRWAKKIEARERKAKMT,RPL14(R90),16,55,0.113639161,-0.007515359,-0.091107191,-2.199948901,-2.192433542,-2.204623315,-2.113516125,other,other,,
P50914_YVR(pa)QAWQK_,DFILKFPHSAHQKYVRQAWQKADINTKWAAT,RPL14(R74),17,52,0.47907856,-0.004309459,-0.050706329,-1.674986164,-1.670676705,-1.689164469,-1.63845814,other,other,,
P51888_IDQR(pa)VLEK_,RWINLDNNRIRKIDQRVLEKLPGLVFLYMEK,PRELP(R144),14,43,0.046111045,-0.060033927,-0.056772011,-0.93095388,-0.870919953,-0.935344128,-0.878572117,other,other,,
P51888_LTDR(pa)GLPK_,PNLAFIRLNYNKLTDRGLPKNSFNISNLLVL,PRELP(R281),12,48,0.758477235,-0.040218975,-0.014632438,-1.315144043,-1.274925068,-1.323448157,-1.308815719,other,other,,
P52209_SFLEDIR(pa)K_,KFQFDGDKKSFLEDIRKALYASKIISYAQGF,PGD(R324),4,6,0.134406759,-0.284051843,-0.23837403,-1.50357834,-1.219526497,-1.498681265,-1.260307236,other,other,,
P53999_TGETSR(pa)ALSSSK_,APEKPVKKQKTGETSRALSSSKQSSSSRDDN,SUB1(R47),7,27,0.367259168,-0.024067351,-0.051021551,-3.384424516,-3.360357165,-3.38291141,-3.331889859,other,other,,
Q16851_SR(pa)FVQDLSK_,XXXXXXXXXXXXXMSRFVQDLSKAMSQDGAS,UGP2(R3),9,21,0.020443663,-0.023516271,-0.160136716,-1.945951576,-1.922435305,-2.044094516,-1.8839578,other,down,,
P56470_WGSEER(pa)K_,VVFNTLQGGKWGSEERKRSMPFKKGAAFELV,LGALS4(R89),6,34,0.689120127,0,-0.024211294,-3.15610079,-3.15610079,-3.128182156,-3.103970862,other,other,,
P60174_LDER(pa)EAGITEK_,EGLGVIACIGEKLDEREAGITEKVVFEQTKV,TPI1(R172),11,50,0.062246229,-0.023286908,-0.070845534,-3.370351767,-3.347064859,-3.392876933,-3.322031399,other,other,,
P60709_IIAPPER(pa)K_,LAPSTMKIKIIAPPERKYSVWIGGSILASLS,ACTB(R335),11,36,0.119689197,0.044949976,0.152168444,-3.767066853,-3.812016829,-3.691292782,-3.843461226,other,other,,
P60866_GPVR(pa)MPTK_,IRGAKEKNLKVKGPVRMPTKTLRITTRKTPC,RPS20(R55),2,9,0.545469037,-0.039876927,-0.024727746,-2.017846499,-1.977969571,-2.017846499,-1.993118753,other,other,,
P60866_TLR(pa)ITTR(pa)K_,NLKVKGPVRMPTKTLRITTRKTPCGEGSKTW,RPS20(R62;R66),11,35,0.082541632,0.144837934,0.140043728,-2.322661969,-2.467499903,-2.327800529,-2.467844257,other,other,,
P60866_VCADLIR(pa)GAK_,SRNVKSLEKVCADLIRGAKEKNLKVKGPVRM,RPS20(R41),10,21,0.638852973,-0.001383459,-0.021894275,-2.889643022,-2.888259563,-2.85539116,-2.833496885,other,other,,
P60903_DLDQCR(pa)DGK_,DPLAVDKIMKDLDQCRDGKVGFQSFFSLIAG,S100A10(R63),18,63,0.110464039,0,-0.130337685,-3.935114454,-3.935114454,-4.027520615,-3.89718293,other,other,,
P60903_EDLR(pa)VLMEK_,HKFAGDKGYLTKEDLRVLMEKEFPGFLENQK,S100A10(R32),6,27,0.345748218,0,-0.057157928,-4.515615862,-4.515615862,-4.351729741,-4.294571812,other,other,,
P61160_R(pa)LDIAGR_,ICPVYEGFSLPHLTRRLDIAGRDITRYLIKL,ACTR2(R181),0,4,NA,NA,NA,NA,-1.565947614,NA,-1.571478667,NA,NA,,
P61247_TLVTR(pa)TQGTK_,PAMFNIRNIGKTLVTRTQGTKIASDGLKGRV,RPS3A(R51),11,41,0.955045231,0,0.018484089,-1.007869844,-1.007869844,-0.976318737,-0.994802826,other,other,,
P61313_AR(pa)R(pa)LGYK_,SALHRAPRPTRPDKARRLGYKAKQGYVIYRI,RPL15(R49;R50),8,32,0.103513625,-0.102481849,-0.07912128,-2.204392023,-2.101910174,-2.201579631,-2.122458352,other,other,,
P61978_ELR(pa)ENTQTTIK_,AGGIIGVKGAKIKELRENTQTTIKLFQECCP,HNRNPK(R171),19,69,0.307734574,-0.039986206,-0.032899548,-3.978756484,-3.938770278,-3.958507189,-3.925607641,other,other,,
P00966_SQER(pa)VEGK_,PECEFVRHCIAKSQERVEGKVQVSVLKGQVY,ASS1(R344),10,44,0.006335861,-0.126982963,-0.157446395,-3.154288421,-3.027305459,-3.198796547,-3.041350152,other,down,,
P62081_AQLR(pa)ELNITAAK_,ALLELEMNSDLKAQLRELNITAAKEIEVGGG,RPS7(R41),19,66,0.026230734,0,-0.09049247,-3.425850015,-3.425850015,-3.484091227,-3.393598757,other,other,,
P62241_YELGR(pa)PAANTK_,GKRKPYHKKRKYELGRPAANTKIGPRRIHTV,RPS8(R31),11,25,0.446879408,0,-0.029034105,-2.971633058,-2.971633058,-2.972915039,-2.943880934,other,other,,
P62249_GPLQSVQVFGR(pa)K_,XMPSKGPLQSVQVFGRKKTATAVAHCKRGNG,RPS16(R15),16,48,0.370781551,-0.08619506,-0.033124115,-4.031233183,-3.945038123,-3.982572064,-3.949447949,other,other,,
P62258_YLAEFATGNDR(pa)K_,GDYHRYLAEFATGNDRKEAAENSLVAYKAAS,YWHAE(R141),18,62,0.308734363,0,-0.071072689,-0.680740099,-0.680740099,-0.693912244,-0.622839554,other,other,,
P62280_R(pa)VLLGETGK_,ERAYQKQPTIFQNKKRVLLGETGKEKLPRYY,RPS11(R22),14,38,0.991619115,0,-0.007155588,-1.963941194,-1.963941194,-1.937451807,-1.930296219,other,other,,
P00338_NR(pa)VIGSGCNLDSAR_,ILTYVAWKISGFPKNRVIGSGCNLDSARFRY,LDHA(R157),9,33,0.011374903,-0.050401661,-0.155471522,-2.729916518,-2.679514857,-2.80133726,-2.645865738,other,down,,
P62805_LAR(pa)R(pa)GGVK_,DNIQGITKPAIRRLARRGGVKRISGLIYEET,H4-16(R40;R41),9,40,0.340137373,-0.03323082,-0.122705811,-3.883050226,-3.849819407,-3.844131202,-3.721425391,other,other,,
P62805_R(pa)ISGLIYEETR_,TKPAIRRLARRGGVKRISGLIYEETRGVLKV,H4-16(R46),12,35,0.107079032,-0.013403611,-0.117420743,-1.836524197,-1.823120586,-1.862933012,-1.745512269,other,other,,
P62805_RQGR(pa)TLYGFGG_,TVTAMDVVYALKRQGRTLYGFGGXXXXXXXX,H4-16(R96),4,27,0.460296881,0.101938756,0.055943324,-0.661149026,-0.763087782,-0.689230201,-0.745173526,other,other,,
P62805_VLR(pa)DNIQGITK_,KGLGKGGAKRHRKVLRDNIQGITKPAIRRLA,H4-16(R24),11,44,0.741696421,0.056025756,-0.005293526,-4.560119125,-4.616144881,-4.568215714,-4.562922188,other,other,,
P62820_R(pa)MGPGATAGGAEK_,NVEQSFMTMAAEIKKRMGPGATAGGAEKSNV,RAB1A(R175),2,12,0.925615927,0.017827671,-0.069591509,-2.346924373,-2.364752044,-2.346924373,-2.277332865,other,other,,
P62834_YDPTIEDSYR(pa)K_,GIFVEKYDPTIEDSYRKQVEVDCQQCMLEIL,RAP1A(R41),10,30,0.723907591,0.007090041,0.024970808,-0.284979687,-0.292069728,-0.339344939,-0.364315747,other,other,,
P62913_R(pa)R(pa)TGCIGAK_,YVVLGRPGFSIADKKRRTGCIGAKHRISKEE,RPL11(R146;R147),9,41,0.073080914,-0.014119746,-0.138747451,-2.767149058,-2.753029312,-2.85333525,-2.714587799,other,other,,
P62937_FGSR(pa)NGK_,KEGMNIVEAMERFGSRNGKTSKKITIADCGQ,PPIA(R148),8,31,0.338104661,-0.009774629,-0.083132975,-3.826739925,-3.816965295,-3.913043139,-3.829910164,other,other,,
P62937_TAENFR(pa)ALSTGEK_,FELFADKVPKTAENFRALSTGEKGFGYKGSC,PPIA(R37),19,65,0.713908159,0,0.000862802,-5.150936941,-5.150936941,-5.140112033,-5.140974835,other,other,,
P63096_NLR(pa)EDGEK_,DKAAVERSKMIDRNLREDGEKAAREVKLLLL,GNAI1(R24),10,46,0.682824672,0,-0.031984747,-2.519155442,-2.519155442,-2.549050943,-2.517066196,other,other,,
P63261_GYSFTTTAER(pa)EIVR_,KILTERGYSFTTTAEREIVRDIKEKLCYVAL,ACTG1(R206),2,10,0.20720664,-0.07240921,-0.125603955,-1.86926949,-1.79686028,-1.86926949,-1.743665535,other,other,,
P63261_IIAPPER(pa)K_,LAPSTMKIKIIAPPERKYSVWIGGSILASLS,ACTG1(R335),7,28,0.867356916,0.028085067,0.022694263,-2.701160538,-2.729245605,-2.671215418,-2.693909681,other,other,,
P63261_ILTER(pa)GYSFTTTAER_,AGRDLTDYLMKILTERGYSFTTTAEREIVRD,ACTG1(R196),5,16,0.899594402,0.008311208,0.005241875,-3.758823493,-3.767134702,-3.797530479,-3.802772354,other,other,,
P63267_CDIDIR(pa)K_,HETTYNSIMKCDIDIRKDLYANNVLSGGTTM,ACTG2(R291),12,44,0.959922354,0,0.041188391,-2.406439448,-2.406439448,-2.344205702,-2.385394093,other,other,,
P67936_AEFAER(pa)TVAK_,SDKLKEAETRAEFAERTVAKLEKTIDDLEEK,TPM4(R208),9,25,0.196857524,-0.016405369,-0.079437184,-2.792949053,-2.776543684,-2.807244102,-2.727806917,other,other,,
P84098_GTANAR(pa)MPEK_,GRHMGIGKRKGTANARMPEKVTWMRRMRILR,RPL19(R88),4,25,0.589944664,-0.015260099,-0.01329666,-2.146858683,-2.131598583,-2.150097303,-2.136800643,other,other,,
Q00325_EDGVR(pa)GLAK_,GIFNGFSVTLKEDGVRGLAKGWAPTFLGYSM,SLC25A3(R117),11,35,0.866881533,-0.005700925,-0.016235454,-2.424447768,-2.418746843,-2.411759015,-2.395523561,other,other,,
Q00796_ESPQEIAR(pa)K_,DLVLQISKESPQEIARKVEGQLGCKPEVTIE,SORD(R234),19,64,0.525436723,0,0.052853541,-1.630694661,-1.630694661,-1.626356403,-1.679209944,other,other,,
Q00839_FIEIAAR(pa)K_,QRAPQCLGKFIEIAARKKRNFILDQTNVSAA,HNRNPU(R572),8,39,0.909612958,0.003106084,-0.034399394,-3.141047136,-3.144153219,-3.176383247,-3.141983853,other,other,,
Q01082_EIFGR(pa)IQDK_,YELHKFYHDAKEIFGRIQDKHKKLPEELGRD,SPTBN1(R1820),14,49,0.451533849,0,-0.037218571,-1.664281286,-1.664281286,-1.673412116,-1.636193545,other,other,,
Q01082_NR(pa)EASLGEASK_,EISDVWEEMKTTLKNREASLGEASKLQQFLR,SPTBN1(R1054),11,50,0.850026278,0.030775708,-0.047532425,-2.072182733,-2.102958441,-2.085923926,-2.038391501,other,other,,
Q01518_EVITFR(pa)EK_,LLAPISEQIKEVITFREKNRGSKLFNHLSAV,CAP1(R119),12,30,0.370930534,-0.079880237,-0.060810837,-2.723120523,-2.643240286,-2.688138351,-2.627327515,other,other,,
Q01995_GPSYGMSR(pa)EVQSK_,XXXXMANKGPSYGMSREVQSKIEKKYDEELE,TAGLN(R12),19,64,0.200220861,-0.004369576,-0.03186465,-4.619383879,-4.615014303,-4.600278013,-4.568413363,other,other,,
Q01995_R(pa)EFTESQLQEGK_,RGDPNWFMKKAQEHKREFTESQLQEGKHVIG,TAGLN(R161),19,69,0.062803582,0.02666895,0.102954068,-5.874860667,-5.901529617,-5.804044998,-5.906999066,other,other,,
Q02252_EGASILLDGR(pa)K_,IDSGTKEGASILLDGRKIKVKGYENGNFVGP,ALDH6A1(R386),9,31,0.603366836,-0.078838083,-0.124526814,-2.859326025,-2.780487942,-2.862084743,-2.737557929,other,other,,
Q02252_ER(pa)VCNLIDSGTK_,PGADLGPLITPQAKERVCNLIDSGTKEGASI,ALDH6A1(R366),13,46,0.251483031,0.066028382,0.048130987,-3.986758419,-4.052786801,-3.96125499,-4.009385977,other,other,,
Q02543_VVGR(pa)CLPTPK_,XMKASGTLREYKVVGRCLPTPKCHTPPLYRM,RPL18A(R15),13,48,0.852757012,-0.023141923,0.029458762,-2.884263988,-2.861122065,-2.848214731,-2.877673492,other,other,,
Q03135_EIDLVNR(pa)DPK_,KQVYDAHTKEIDLVNRDPKHLNDDVVKIDFE,CAV1(R54),14,40,0.741236014,0,-0.0336127,-1.100550029,-1.100550029,-1.087435361,-1.053822661,other,other,,
Q04828_R(pa)EDIFYTSK_,VGLAIRSKIADGSVKREDIFYTSKLWCNSHR,AKR1C1(R76),6,37,0.144873525,-0.091781373,-0.066580954,-3.813845183,-3.722063809,-3.792550436,-3.725969482,other,other,,
Q06323_YFSER(pa)GDAVTK_,KLEGFHTQISKYFSERGDAVTKAAKQPHVGD,PSME1(R181),18,67,0.969654757,0.004337456,-0.000445574,-2.910069438,-2.914406894,-2.900245072,-2.899799498,other,other,,
Q06830_R(pa)TIAQDYGVLK_,GGLGPMNIPLVSDPKRTIAQDYGVLKADEGI,PRDX1(R110),18,64,0.834331807,0,-0.026543562,-3.322399234,-3.322399234,-3.348966981,-3.322423419,other,other,,
Q09666_FGVSTGR(pa)EGQTPK_,KFPTMKVPKFGVSTGREGQTPKAGLRVSAPE,AHNAK(R320),13,46,0.578985846,0,-0.037604718,-2.391932748,-2.391932748,-2.436058481,-2.398453763,other,other,,
Q13813_ELSTLR(pa)R(pa)QK_,QVLDRYHRFKELSTLRRQKLEDSYRFQFFQR,SPTAN1(R36;R37),14,48,0.22839714,-0.018663396,-0.054856053,-2.425975907,-2.407312511,-2.420991349,-2.366135297,other,other,,
Q14624_IQQTR(pa)EALIK_,IDKSGSMSGRKIQQTREALIKILDDLSPRDQ,ITIH4(R294),9,30,0.137287524,-0.05484176,-0.046179634,-2.646516763,-2.591675003,-2.612002145,-2.565822511,other,other,,
Q14764_SLQPLAPR(pa)NK_,RGEKDTAKSLQPLAPRNKTRVVSYRVPHNAA,MVP(R452),12,35,0.970313894,0.002799128,0.001007899,-2.239838144,-2.242637272,-2.225204012,-2.226211912,other,other,,
Q14914_WQGDAR(pa)QK_,LRMEAFVVYRWQGDARQKALKDLLKWVLEGK,PTGR1(R280),2,10,0.829602788,0.027980593,0.067488361,-0.37589648,-0.403877073,-0.37589648,-0.443384841,other,other,,
Q15582_VIGTNR(pa)K_,HGPNVCAVQKVIGTNRKYFTNCKQWYQRKIC,TGFBI(R59),4,29,0.138595896,-0.019377845,-0.072424245,-1.900535381,-1.881157536,-1.943754334,-1.871330089,other,other,,
Q15836_VLER(pa)DQK_,EVVDIMRVNVDKVLERDQKLSELDDRADALQ,VAMP3(R39),4,24,0.154367978,-0.144705804,-0.077744094,-0.875020243,-0.730314439,-0.854099255,-0.77635516,other,other,,
Q15911_R(pa)ALPFR(pa)K_,SDSGSVQEDSGSEPKRALPFRKGPNFTMEKF,ZFHX3(R1523;R1528),6,22,0.117678674,-0.117881743,-0.128572889,-1.659962622,-1.542080879,-1.595180542,-1.466607653,other,other,,
Q16822_DVAR(pa)VESK_,YNNCWLARTDPKDVARVESKTVIVTPSQRDT,PCK2(R104),12,30,0.31685239,0,-0.046442141,-1.359692394,-1.359692394,-1.355789521,-1.30934738,other,other,,
Q16822_R(pa)YVAAAFPSACGK_,EHMLILGITSPAGKKRYVAAAFPSACGKTNL,PCK2(R296),11,49,0.574308481,0,-0.009085705,-3.327892375,-3.327892375,-3.33966305,-3.330577345,other,other,,
Q16851_R(pa)EFPTVPLVK_,NLYSLNAGSLTMSEKREFPTVPLVKLGSSFT,UGP2(R422),6,20,0.403100346,-0.046234518,-0.073166017,-2.830121458,-2.783886939,-2.895721954,-2.822555936,other,other,,
P07355_IR(pa)SEFK_,IRIMVSRSEVDMLKIRSEFKRKYGKSLYYYI,ANXA2(R304),9,42,0.021859954,-0.094728146,-0.148685821,-2.875464729,-2.780736583,-2.874921536,-2.726235715,other,down,,
Q53GQ0_VVLISR(pa)SK_,AEELAKHGMKVVLISRSKDKLDQVSSEIKEK,HSD17B12(R82),5,14,0.24214074,0.048676677,0.024972437,-2.458903845,-2.507580522,-2.453803718,-2.478776155,other,other,,
Q5SSJ5_R(pa)ELNR(pa)GVIK_,LELERRGYLLKQALKRELNRGVIKQVKGKGA,HP1BP3(R209;R213),7,32,0.955573245,0,-0.071250758,-0.230024687,-0.230024687,-0.204276077,-0.133025319,other,other,,
P13073_VELYR(pa)IK_,ASWSSLSMDEKVELYRIKFKESFAEMNRGSN,COX4I1(R83),9,28,0.042644721,0.291348626,0.259106748,-2.091614787,-2.382963413,-2.135456228,-2.394562976,up,up,,
Q6NZI2_VR(pa)TR(pa)ENLEK_,FKKAFSKEKMEKTKVRTRENLEKTRLKTKEN,CAVIN1(R247;R249),10,25,0.521060452,0.021945961,0.01927457,-2.794677881,-2.816623842,-2.773507611,-2.792782181,other,other,,
Q7Z4W1_TMLNR(pa)IPLGK_,QATWSDPHKAKTMLNRIPLGKFAEVEHVVNA,DCXR(R203),13,55,0.63473363,0,0.06179666,-3.013287628,-3.013287628,-2.938155954,-2.999952614,other,other,,
Q8N6R1_NITQR(pa)GNVAK_,RIRMANEKHSKNITQRGNVAKTLRPQEEKYP,SERP2(R21),9,36,0.181399052,-0.301696322,-0.218802527,-2.925901166,-2.624204844,-2.783459738,-2.56465721,other,other,,
Q96I99_ACR(pa)ELELK_,IVNCAIIANGITKACRELELKVPLVVRLEGT,SUCLG2(R381),12,37,0.186584952,0,0.074957316,-2.718452554,-2.718452554,-2.68141244,-2.756369756,other,other,,
Q96J94_ADGSEVSFLEYYR(pa)_,FKKADGSEVSFLEYYRKQYNQEITDLKQPVL,PIWIL1(R347),9,33,0.452097994,-0.005096694,0.2220539,4.160159433,4.165256127,4.358008097,4.135954197,other,other,,
Q96QK1_ELTR(pa)LLK_,LEHIATSSAVSKELTRLLKIPVDTYNNILTV,VPS35(R400),4,25,0.59022053,0.027261122,0.073742586,-3.690397572,-3.717658694,-3.676327082,-3.750069668,other,other,,
Q99878_TR(pa)SSR(pa)AGLQFPVGR_,GRGKQGGKARAKAKTRSSRAGLQFPVGRVHR,H2AC14(R18;R21),14,58,0.31823844,-0.001955411,-0.039374458,-2.639812169,-2.637856758,-2.706576202,-2.667201744,other,other,,
Q99879_R(pa)STITSR(pa)EIQTAVR_,ERIAGEASRLAHYNKRSTITSREIQTAVRLL,H2BC14(R87;R93),10,37,0.989574378,0.013049654,-0.032131648,-1.719534111,-1.732583765,-1.75084756,-1.718715912,other,other,,
Q99880_R(pa)STITSR(pa)EIQTAVR_,ERIASEASRLAHYNKRSTITSREIQTAVRLL,H2BC13(R87;R93),7,24,0.362998786,0,-0.116073873,-0.91430255,-0.91430255,-0.993538414,-0.877464541,other,other,,
Q9BTM1_SR(pa)SSR(pa)AGLQFPVGR_,GRGKQGGKVRAKAKSRSSRAGLQFPVGRVHR,H2AJ(R18;R21),15,56,0.709997404,0,0.030272325,-0.906015075,-0.906015075,-0.889033202,-0.919305527,other,other,,
Q9BUT1_IQAR(pa)GNPEEAR_,PGTVDTPSLQERIQARGNPEEARNDFLKRQK,BDH2(R192),1,4,0.46815991,0.109070917,0.122691579,-1.18213518,-1.291206097,-1.18213518,-1.304826759,other,other,,
Q9H1E3_NVR(pa)QQR(pa)QAASK_,SAEDSEDEKEDHKNVRQQRQAASKAASKQRE,NUCKS1(R90;R93),9,37,0.119717038,-0.026726373,-0.054890884,-1.780611005,-1.753884632,-1.827541311,-1.772650427,other,other,,
Q9H299_VYSTSVTGSR(pa)EIK_,XMSGLRVYSTSVTGSREIKSQQSEVTRILDG,SH3BGRL3(R15),6,28,0.260065015,0.045906124,0.058676514,-2.334444172,-2.380350296,-2.326573733,-2.385250246,other,other,,
Q9NZN4_R(pa)GGAR(pa)GQQPEAIR_,XXXXXXXXXMFSWLKRGGARGQQPEAIRTVT,EHD2(R7;R11),8,22,0.64482295,0,-0.043403636,-3.484447526,-3.484447526,-3.482266101,-3.438862465,other,other,,
Q9UBQ7_R(pa)ILDAAGANLK_,GAHGLLCLLSDHVDKRILDAAGANLKVISTM,GRHPR(R66),18,58,0.259570892,0,-0.053754223,-2.983594572,-2.983594572,-3.026658182,-2.972903959,other,other,,
Q9UL46_VLER(pa)VNAVK_,DGNDFGVAIQEKVLERVNAVKTKVEAFQTTI,PSME2(R149),11,38,0.741178013,0,-0.002308886,-2.530414927,-2.530414927,-2.530272802,-2.527963916,other,other,,
Q9UL46_YFSER(pa)GDAVAK_,KVEAFQTTISKYFSERGDAVAKASKETHVMD,PSME2(R171),17,57,0.346162583,0,-0.043314927,-3.087724288,-3.087724288,-3.108280994,-3.064966068,other,other,,
Q9UM07_LLLASPR(pa)SCYK_,PAPDRKGFRLLLASPRSCYKLFQEQQNEGHG,PADI4(R495),13,39,0.348103379,-0.021717956,-0.055031642,-3.424061886,-3.40234393,-3.449476849,-3.394445206,other,other,,
Q9UM07_R(pa)VMGPDFGYVTR_,FDSPRNRGLKEFPIKRVMGPDFGYVTRGPQT,PADI4(R383),6,40,0.042758274,0.154499055,0.094497353,-1.745521663,-1.900020718,-1.775929697,-1.870427049,up,other,,
Q9UM07_VR(pa)VFQATR(pa)GK_,VARSEMDKVRVFQATRGKLSSKCSVVLGPKW,PADI4(R212;R218),17,66,0.556690101,-0.003544081,-0.047878106,-2.304537205,-2.300993124,-2.302169737,-2.254291632,other,other,,
Q9UNL2_R(pa)EDAVSK_,YKNVKFVLKHKVAQKREDAVSKEVTRKLSEA,SSR3(R92),7,26,0.30085585,-0.072355936,-0.064248251,-2.747291648,-2.674935712,-2.736205993,-2.671957742,other,other,,
Q9Y2J8_DMSQMILR(pa)TK_,VYSKEDLKDMSQMILRTKGPDRLPAGYEIVL,PADI2(R187),17,65,0.126660447,-0.01654034,-0.059931878,-4.059029101,-4.042488761,-4.062619474,-4.002687596,other,other,,
Q9Y2J8_EDCR(pa)DEK_,VNCDRETPWLPKEDCRDEKVYSKEDLKDMSQ,PADI2(R168),8,43,0.352221393,-0.011559699,-0.025425052,-8.00789907,-7.996339371,-7.980394272,-7.95496922,other,other,,
Q9Y2J8_FLGEVHCGTNVR(pa)_,AYHKFLGEVHCGTNVRRKPFTFKWWHMVPXX,PADI2(R652),8,33,0.387039856,0.028607267,0.051089708,-1.948766165,-1.977373432,-1.90173913,-1.952828838,other,other,,
Q9Y2J8_GFPVVLDSPR(pa)DGNLK_,IEAPHKGFPVVLDSPRDGNLKDFPVKELLGP,PADI2(R373),12,46,0.028263369,-0.060475381,-0.121038274,-8.427549327,-8.367073946,-8.439311498,-8.318273224,other,other,,
Q9Y2J8_QR(pa)WLLSPSTTLR_,VRDGEAEEVATNGKQRWLLSPSTTLRVTMSQ,PADI2(R68),9,22,0.55118635,0.025399774,-0.061462167,-1.965854455,-1.991254229,-2.010885007,-1.94942284,other,other,,
Q9Y2J8_VCFQYLNR(pa)GDR_,EKTNCELKVCFQYLNRGDRWIQDEIEFGYIE,PADI2(R344),19,67,0.983219991,0,-0.016708425,-2.78622027,-2.78622027,-2.781035121,-2.764326696,other,other,,
Q9Y2J8_VVR(pa)DFLK_,SSFPLSGGRRMTKVVRDFLKAQQVQAPVELY,PADI2(R448),19,66,0.016695237,-0.01687137,-0.059874465,-4.296155821,-4.279284451,-4.33098219,-4.271107725,other,other,,
Q9Y5S8_CAESFEMWDDR(pa)_,SHPRKCAESFEMWDDRDSHCRRPKFEGHPPE,NOX1(R253),10,42,0.338553276,0,-0.095618747,3.835504083,3.835504083,3.741063369,3.836682116,other,other,,
Q9Y6N5_AR(pa)VTELNPDK_,PTASVIPSGVEWIKARVTELNPDKNCIHTDD,SQOR(R117),8,36,0.287523798,0.057599324,0.11365444,-1.025153929,-1.082753252,-0.991890029,-1.105544469,other,other,,
Q9Y6X1_NITQR(pa)GNVAK_,RIRMANEKHSKNITQRGNVAKTSRNAPEEKA,SERP1(R21),6,22,0.338799003,-0.076374196,-0.169571332,-1.974831773,-1.898457578,-1.917339192,-1.74776786,other,other,,
