"ID","sequence_window2","n_ABC","p_DAS28","rho_DAS28","p_SJC","rho_SJC","p_TJC","rho_TJC","p_CRP","rho_CRP","p_DDAS28","rho_DDAS28","p_Age_disease","rho_Age_disease","color_DAS28","color_SJC","color_TJC","color_CRP","color_DDAS28","color_Age_disease"
"O15144_VLNR(pa)AR(pa)PDAEK_","TRMRAKTSDFLKVLNRARPDAEKKEMKTITG",161,0.009968881,-0.165024629,0.000674761,-0.209501266,0.113265831,-0.09864228,0.056838897,-0.122096589,0.98209518,-0.001728881,0.400507011,-0.071345876,"neg","neg","ns","ns","ns","ns"
"O15145_GPAPR(pa)ETK_","MALLPIRSQFKGPAPRETKDTDIVDEAIYYF",98,0.005930198,-0.159852501,0.021760809,-0.127642556,0.459381438,-0.041439197,3.14e-06,-0.266706741,0.308694158,-0.073082028,0.399371457,0.066864183,"neg","neg","ns","neg","ns","ns"
"O75369_VR(pa)AGGPGLER_","QFTVGPLGEGGAHKVRAGGPGLERGEAGVPA",189,0.000447118,-0.239572834,0.013716239,-0.161271015,0.258797956,-0.074599437,0.016858829,-0.163602401,0.19492862,-0.107511169,0.471815401,-0.065749364,"neg","neg","ns","neg","ns","ns"
"P00338_NR(pa)VIGSGCNLDSAR_","ILTYVAWKISGFPKNRVIGSGCNLDSARFRY",183,0.009797311,-0.174594251,0.004338613,-0.183515505,0.470170249,-0.047035123,0.034568652,-0.142243998,0.104615153,-0.137738682,0.191805486,-0.118000606,"neg","neg","ns","neg","ns","ns"
"P00367_SNAPR(pa)VK_","IPAASEKQLTKSNAPRVKAKIIAEGANGPTT",126,0.017895857,-0.144819674,0.03985093,-0.119336799,0.464267381,-0.042698489,0.000263504,-0.220746505,0.832463835,-0.015489298,0.188061392,0.108803145,"neg","neg","ns","neg","ns","ns"
"P00387_SNPIIR(pa)TVK_","GKFAIRPDKKSNPIIRTVKSVGMIAGGTGIT",195,0.002605586,-0.208227459,0.041827434,-0.135508014,0.292443529,-0.070808522,0.000108228,-0.264586634,0.837288107,-0.017262806,0.577232396,-0.049336724,"neg","neg","ns","neg","ns","ns"
"P00558_NNQITNNQR(pa)IK_","DFNVPMKNNQITNNQRIKAAVPSIKFCLDNG",47,0.000991036,-0.1773045,0.037167784,-0.107659436,0.178298106,-0.069937449,0.000307993,-0.193142775,0.152992955,-0.092919541,0.457543986,0.054950039,"neg","neg","ns","neg","ns","ns"
"P00558_YAEAVTR(pa)AK_","DCGPESSKKYAEAVTRAKQIVWNGPVGVFEW",67,0.010017782,-0.14354932,0.000412541,-0.18646626,0.334947086,-0.051467566,0.019656747,-0.129556065,0.477517841,-0.048583179,0.523128855,-0.048871801,"neg","neg","ns","neg","ns","ns"
"P00738_NPANPVQR(pa)_","EAVCGKPKNPANPVQRILGGHLDAKGSFPWQ",288,0.020530372,-0.211285859,0.016379078,-0.207821306,0.327003048,-0.085643515,0.079125012,-0.160247046,0.605382753,-0.055192334,0.714221031,0.046668985,"neg","neg","ns","ns","ns","ns"
"P00738_VGYVSGWGR(pa)NANFK_","DYAEVGRVGYVSGWGRNANFKFTDHLKYVML",147,0.004198986,-0.183414494,0.000767336,-0.201705478,0.043649013,-0.122428903,0.32646055,-0.062821514,0.094363674,-0.134840882,0.670169152,0.040318787,"neg","neg","neg","ns","ns","ns"
"P00966_EDFEEAR(pa)K_","AYLANIGQKEDFEEARKKALKLGAKKVFIED",155,0.022358685,-0.146496621,0.033276695,-0.130576367,0.05235617,-0.119098048,0.209382563,-0.080477368,0.158123728,-0.109055294,0.065169165,0.154639275,"neg","neg","ns","ns","ns","ns"
"P00966_GR(pa)NDLMEYAK_","IAPWRMPEFYNRFKGRNDLMEYAKQHGIPIP",33,0.005201218,-0.147391406,0.023781492,-0.114757528,0.105236014,-0.082689389,0.00050078,-0.182271106,0.706649679,-0.024115136,0.622522249,-0.034929922,"neg","neg","ns","neg","ns","ns"
"P00966_QVEIAQR(pa)EGAK_","LARPCIARKQVEIAQREGAKYVSHGATGKGN",34,0.010082087,-0.13698162,0.005869181,-0.139808431,0.048752368,-0.100511115,0.004696324,-0.149731236,0.497912716,0.043774953,0.925917784,0.006790362,"neg","neg","neg","neg","ns","ns"
"P01008_ENAEQSR(pa)AAINK_","AKLQPLDFKENAEQSRAAINKWVSNKTEGRI",145,0.00927717,-0.16424807,0.157309228,-0.085046303,0.06585577,-0.110880701,0.229668248,-0.075937591,0.663057056,-0.03345619,0.241340267,-0.102685307,"neg","ns","ns","ns","ns","ns"
"P01023_R(pa)TTVMVK_","FLTVQVKGPTQEFKKRTTVMVKNEDSLVFVQ",183,0.012459216,-0.169384682,0.011970846,-0.162663821,0.080526353,-0.113513887,0.111849017,-0.107989823,0.423227635,-0.064781326,0.41274385,-0.07244281,"neg","neg","ns","ns","ns","ns"
"P01024_NR(pa)WEDPGK_","GPLLNKFLTTAKDKNRWEDPGKQLYNVEATS",209,0.002070695,-0.216549163,0.01712955,-0.16244727,0.187835618,-0.090373851,0.000117371,-0.268341776,0.0076974,-0.229298661,0.897941977,0.012546391,"neg","neg","ns","neg","neg","ns"
"P01024_QLANGVDR(pa)YISK_","APDTDDLKQLANGVDRYISKYELDKAFSDRN",89,0.039940725,-0.118486991,0.056311647,-0.104855463,0.062348051,-0.102562087,0.006641182,-0.155625725,0.61991988,0.035015389,0.569468568,0.044195034,"neg","ns","ns","neg","ns","ns"
"P01860_SCDTPPPCPR(pa)CPEPK_","RCPEPKSCDTPPPCPRCPEPKSCDTPPPCPR",39,0.001802683,-0.166490481,0.006241824,-0.139513718,0.112041575,-0.081651089,0.001716819,-0.166301212,0.923540897,0.006267282,0.509478677,-0.047765799,"neg","neg","ns","neg","ns","ns"
"P01871_VTER(pa)TVDK_","TCVVAHEALPNRVTERTVDKSTGKPTLYNVS",39,0.024402053,-0.1204724,0.004400546,-0.145413752,0.149489115,-0.074179571,0.264837562,-0.059505515,0.369443225,-0.058559542,0.269846165,-0.081991325,"neg","neg","ns","ns","ns","ns"
"P02649_EQVAEVR(pa)AK_","TRDRLDEVKEQVAEVRAKLEEQAQQIRLQAE",200,0.045591528,-0.141182989,0.011471316,-0.169396805,0.10428681,-0.109562241,0.061085054,-0.131690505,0.696854611,-0.033213353,0.947532014,0.006564132,"neg","neg","ns","ns","ns","ns"
"P02671_NVR(pa)AQLVDMK_","VIEKVQHIQLLQKNVRAQLVDMKRLEVDIDI",26,0.017900026,-0.124733761,0.040121508,-0.103192503,0.362855429,-0.046022551,0.005793159,-0.144362978,0.72073332,-0.022812227,0.217735684,-0.089124725,"neg","neg","ns","neg","ns","ns"
"P02671_R(pa)EYHTEK_","GTFEEVSGNVSPGTRREYHTEKLVTSKGDKE",135,0.024363916,-0.138812112,0.044621455,-0.118639414,0.246724677,-0.068835338,0.029553832,-0.133703108,0.442479119,-0.057436781,0.881526044,0.012312652,"neg","neg","ns","neg","ns","ns"
"P02671_SCR(pa)GSCSR(pa)ALAR_","MKRLEVDIDIKIRSCRGSCSRALAREVDLKD",194,0.003136537,-0.203413818,0.003847646,-0.190708961,0.179528411,-0.089400566,0.000750365,-0.229739915,0.213269775,-0.106227964,0.988768054,-0.001339201,"neg","neg","ns","neg","ns","ns"
"P02749_LPECR(pa)EVK_","ITCTTHGNWTKLPECREVKCPFPSRPDNGFV",274,0.005713694,-0.235816488,0.041192818,-0.167480309,0.00755695,-0.218034196,0.167967498,-0.118905694,0.071255211,-0.179366671,0.561580528,0.065035498,"neg","neg","neg","ns","ns","ns"
"P02787_DSGFQMNQLR(pa)GK_","VAVVKKDSGFQMNQLRGKKSCHTGLGRSAGW",57,0.002343444,-0.165717436,0.068209657,-0.095561823,0.058508779,-0.099394035,0.004861525,-0.152614626,0.382297534,-0.058389896,0.919301038,0.007583054,"neg","ns","ns","neg","ns","ns"
"P02787_DYELLCLDGTR(pa)K_","NLNEKDYELLCLDGTRKPVEEYANCHLARAP",109,0.028732898,-0.129350515,0.010736948,-0.144253006,0.112553994,-0.090305755,0.047424332,-0.116926898,0.088354717,-0.123321192,0.129534048,-0.118864273,"neg","neg","ns","neg","ns","ns"
"P02787_LHDR(pa)NTYEK_","LLFRDDTVCLAKLHDRNTYEKYLGEEYVKAV",6,0.04025925,-0.105690879,0.018819204,-0.115275486,0.191510308,-0.064477046,0.003842647,-0.147771744,0.867218542,-0.010459458,0.965559888,-0.003056935,"neg","neg","ns","neg","ns","ns"
"P02790_WDR(pa)ELISER_","LFFKGEFVWKSHKWDRELISERWKNFPSPVD",78,0.005603712,-0.155990483,0.02110231,-0.12449002,0.158963816,-0.076334775,0.00034263,-0.200182704,0.492477788,-0.047281432,0.33283345,0.07585959,"neg","neg","ns","neg","ns","ns"
"P04406_LVTR(pa)AAFNSGK_","KVGVNGFGRIGRLVTRAAFNSGKVDIVAIND",208,0.000191617,-0.261433598,0.092582342,-0.114996232,0.000620326,-0.232117754,0.334108209,-0.068647146,0.865495401,0.014604409,0.794716216,0.025821689,"neg","ns","neg","ns","ns","ns"
"P05062_VENTEENR(pa)R(pa)QFR_","GNRLQRIKVENTEENRRQFREILFSVDSSIN",161,0.002277103,-0.195677257,0.010455281,-0.158547366,0.059144136,-0.117649932,0.000123329,-0.243828007,0.693131246,0.03075959,0.486805766,0.058204459,"neg","neg","ns","neg","ns","ns"
"P06727_GR(pa)LTPYADEFK_","ELKAKIDQNVEELKGRLTPYADEFKVKIDQT",173,0.023379776,-0.152824265,0.001962978,-0.195666913,0.077673758,-0.112936594,0.720000354,-0.024081761,0.167376687,-0.114874842,0.278749599,-0.101405023,"neg","neg","ns","ns","ns","ns"
"P07305_NR(pa)AGSSR(pa)QSIQK_","KYSDMIVAAIQAEKNRAGSSRQSIQKYIKSH",57,0.000267962,-0.198177149,0.002871896,-0.155833856,0.134239256,-0.078971377,9.68e-05,-0.210762626,0.231009381,-0.078940587,0.804684316,-0.018009999,"neg","neg","ns","neg","ns","ns"
"P07355_IR(pa)SEFK_","IRIMVSRSEVDMLKIRSEFKRKYGKSLYYYI",161,0.022638734,-0.148347017,0.003849934,-0.178318945,0.627173077,-0.030261341,0.000289073,-0.232473558,0.147789739,-0.112490939,0.973445279,-0.002995337,"neg","neg","ns","neg","ns","ns"
"P08603_ENER(pa)FQYK_","NGSPISQKIIYKENERFQYKCNMGYEYSERG",175,0.048052371,-0.131078761,0.034993299,-0.133958561,0.778886314,-0.017954644,0.000136484,-0.248903991,0.172433293,-0.112753221,0.669245036,-0.040806091,"neg","neg","ns","neg","ns","ns"
"P08670_NNDALR(pa)QAK_","FADLSEAANRNNDALRQAKQESTEYRRQVQS",60,0.001098019,-0.178643119,0.004694021,-0.148495169,0.128363793,-0.08040388,0.000129344,-0.208236048,0.003248902,-0.194547889,0.968744093,-0.002957759,"neg","neg","ns","neg","neg","ns"
"P08670_SR(pa)LGDLYEEEMR_","ILLAELEQLKGQGKSRLGDLYEEEMRELRRQ",23,0.016861814,-0.125710707,0.015045947,-0.121797662,0.21420918,-0.062632657,0.000654193,-0.177576899,0.716386055,0.023230495,0.369005128,-0.064848105,"neg","neg","ns","neg","ns","ns"
"P09382_VR(pa)GEVAPDAK_","VASNLNLKPGECLRVRGEVAPDAKSFVLNLG",166,0.032601905,-0.13946107,0.018937397,-0.146596704,0.385114924,-0.054833228,0.140017295,-0.095941469,0.478444931,-0.054889786,0.045579616,-0.173026329,"neg","neg","ns","ns","ns","neg"
"P09493_VIESR(pa)AQK_","KAADESERGMKVIESRAQKDEEKMEIQEIQL",64,0.003492797,-0.160586652,0.00064311,-0.179281792,0.527728324,-0.033529527,0.00020729,-0.20226508,0.935014558,-0.005478559,0.945776795,-0.005104779,"neg","neg","ns","neg","ns","ns"
"P10515_GR(pa)VFVSPLAK_","TPSAPCPATPAGPKGRVFVSPLAKKLAVEKG",98,0.001862792,-0.17922154,0.013734357,-0.136570918,0.156974706,-0.079056649,0.007511148,-0.153553934,0.018553277,-0.163135352,0.421065731,-0.065513271,"neg","neg","ns","neg","neg","ns"
"P12277_R(pa)LR(pa)LQK_","LPNLGKHEKFSEVLKRLRLQKRGTGGVDTAA",263,0.0052745,-0.228218655,0.022429231,-0.181556697,0.010463731,-0.203799067,0.103524675,-0.133446848,0.07486514,-0.175432848,0.51168651,-0.071719633,"neg","neg","neg","ns","ns","ns"
"P14550_AVPR(pa)EELFVTSK_","GEALKEDVGPGKAVPREELFVTSKLWNTKHH",102,0.027423213,-0.130424079,0.03556691,-0.117733299,0.678179768,-0.023395046,0.00978851,-0.151469415,0.434110539,-0.05677395,0.190696798,-0.104981409,"neg","neg","ns","neg","ns","ns"
"P14625_ESR(pa)EAVEK_","KEGVKFDESEKTKESREAVEKEFEPLLNWMK",78,0.005521065,-0.156757279,0.003083186,-0.159117277,0.143817278,-0.079323199,0.017468744,-0.134053116,0.126686313,-0.104730183,0.966816658,0.003167443,"neg","neg","ns","neg","ns","ns"
"P16662_R(pa)VINDPSYK_","DFNTMSSTDLLNALKRVINDPSYKENVMKLS",82,0.013220566,-0.141051133,0.007431696,-0.145152154,0.199466307,-0.070067881,0.008931709,-0.148041899,0.274557793,-0.076108735,0.591167618,-0.040762433,"neg","neg","ns","neg","ns","ns"
"P18206_NR(pa)NFTVEK_","TKNSKNQGIEEALKNRNFTVEKMSAEINEII",59,0.009151955,-0.143060192,0.001574401,-0.165316241,0.468566476,-0.03832026,0.272977831,-0.060154258,0.514089479,-0.043820085,0.51353645,-0.049009325,"neg","neg","ns","ns","ns","ns"
"P22626_TLETVPLER(pa)K_","XXXXMEKTLETVPLERKKREKEQFRKLFIGG",162,0.006871076,-0.174780834,0.060057561,-0.116779026,0.044049296,-0.12499161,0.002629956,-0.193338007,0.195769068,-0.100610974,0.881452718,0.01352848,"neg","ns","neg","neg","ns","ns"
"P27824_GLVLMSR(pa)AK_","KESKLPGDKGLVLMSRAKHHAISAKLNKPFL",45,0.031818387,-0.116624542,0.006101262,-0.141183801,0.238424908,-0.061190994,0.001274453,-0.173268845,0.583855996,-0.036145754,0.273763586,-0.080011631,"neg","neg","ns","neg","ns","ns"
"P29401_GR(pa)GITGVEDK_","AKHQPTAIIAKTFKGRGITGVEDKESWHGKP",104,0.012241779,-0.145938907,0.020591321,-0.130006742,0.459608955,-0.041813598,0.002441915,-0.175220916,0.369249802,0.063189574,0.384452035,-0.065580283,"neg","neg","ns","neg","ns","ns"
"P30084_NNTVGLIQLNR(pa)PK_","EKRGKNNTVGLIQLNRPKALNALCDGLIDEL",53,0.004866157,-0.153048384,0.04209286,-0.105874622,0.075957786,-0.092878886,0.004246191,-0.154700768,0.77563706,-0.018894219,0.556126792,0.043313219,"neg","neg","ns","neg","ns","ns"
"P31327_LSR(pa)SSALASK_","TSMEYCIIEVNARLSRSSALASKATGYPLAF",201,0.032400627,-0.149134229,0.031995476,-0.144314884,0.243399925,-0.078974483,0.019135722,-0.162348408,0.340029062,-0.082435622,0.561641865,0.053505504,"neg","neg","ns","neg","ns","ns"
"P31930_NR(pa)PGSALEK_","AGYFLEHLAFKGTKNRPGSALEKEVESMGAH",115,0.002968007,-0.177572518,0.007389786,-0.152610269,0.163667931,-0.08008646,0.001530898,-0.188179687,0.072427182,-0.128605197,0.746738673,0.025486855,"neg","neg","ns","neg","ns","ns"
"P35749_R(pa)LVWVPSEK_","NFINSPVAQADWAAKRLVWVPSEKQGFEAAS",211,0.045435003,-0.144944782,0.096567786,-0.114975638,0.568533348,-0.03976112,0.005690053,-0.197837068,0.640794587,-0.039631146,0.935861627,0.008108086,"neg","ns","ns","neg","ns","ns"
"P39023_LLPLR(pa)QK_","VIRVIAHTQMRLLPLRQKKAHLMEIQVNGGT",173,0.002601164,-0.201622166,0.04753452,-0.125706827,0.240476646,-0.075115319,0.028866001,-0.146045587,0.126434754,-0.122491741,0.234919762,-0.104900726,"neg","neg","ns","neg","ns","ns"
"P47985_SSR(pa)ESSEAR(pa)K_","SEYRRLEVLDSTKSSRESSEARKGFSYLVTG",279,0.029643929,-0.188664389,0.021929202,-0.190870339,0.191954422,-0.109747765,0.596483723,-0.046146663,0.136961713,-0.161677731,0.617107712,0.059490067,"neg","neg","ns","ns","ns","ns"
"P50914_WAATR(pa)WAK_","QAWQKADINTKWAATRWAKKIEARERKAKMT",104,0.018762823,-0.138904801,5.58e-05,-0.22433037,0.689660608,-0.022622025,0.013641378,-0.144703862,0.067824459,-0.13038309,0.758949286,0.024926797,"neg","neg","ns","neg","ns","ns"
"P50914_YVR(pa)QAWQK_","DFILKFPHSAHQKYVRQAWQKADINTKWAAT",57,0.014311261,-0.134525102,0.006603526,-0.142133157,0.131225714,-0.079475656,0.005154041,-0.152504908,0.757387711,-0.020895966,0.66072635,-0.033312313,"neg","neg","ns","neg","ns","ns"
"P51888_IDQR(pa)VLEK_","RWINLDNNRIRKIDQRVLEKLPGLVFLYMEK",149,0.024437346,-0.139808407,0.058163248,-0.114805659,0.10909319,-0.097550362,0.120958534,-0.096044073,0.455064469,-0.056503306,0.036680757,0.180020497,"neg","ns","ns","ns","ns","pos"
"P52209_SFLEDIR(pa)K_","KFQFDGDKKSFLEDIRKALYASKIISYAQGF",360,0.016408596,-0.322292009,0.211015106,-0.158480633,0.91762307,-0.0131879,0.019741381,-0.313571413,0.310348157,-0.162404459,0.421368292,-0.16470623,"neg","ns","ns","neg","ns","ns"
"P55084_TSNVAR(pa)EAALGAGFSDK_","IFGTVIQEVKTSNVAREAALGAGFSDKTPAH",45,0.00249616,-0.163486301,4.55e-05,-0.208651271,0.036839302,-0.108134564,0.167814163,-0.074532608,0.003819877,-0.18921625,0.423153372,0.058443903,"neg","neg","neg","ns","neg","ns"
"P60174_LDER(pa)EAGITEK_","EGLGVIACIGEKLDEREAGITEKVVFEQTKV",132,0.013834509,-0.15162818,5.59e-05,-0.234736096,0.256501042,-0.066962323,0.162490162,-0.086048938,0.865889652,-0.012639952,0.26376255,0.094406865,"neg","neg","ns","ns","ns","ns"
"P60866_GPVR(pa)MPTK_","IRGAKEKNLKVKGPVRMPTKTLRITTRKTPC",326,0.018439524,-0.25221053,0.068963911,-0.184498699,0.079403405,-0.178062399,0.949774333,-0.006812099,0.204900986,-0.164609398,0.752632727,0.057017886,"neg","ns","ns","ns","ns","ns"
"P61978_ELR(pa)ENTQTTIK_","AGGIIGVKGAKIKELRENTQTTIKLFQECCP",14,0.009094767,-0.135258632,0.015675687,-0.119566038,0.246066374,-0.057769127,0.008842063,-0.135029233,0.51374591,-0.04132402,0.777526973,-0.019951882,"neg","neg","ns","neg","ns","ns"
"P61981_R(pa)ATVVESSEK_","GDYYRYLAEVATGEKRATVVESSEKAYSEAH",184,0.003325764,-0.198462168,0.017955531,-0.152978273,0.015484102,-0.156446788,0.010615303,-0.172744355,0.250834775,-0.095640033,0.643941569,0.047771403,"neg","neg","neg","neg","ns","ns"
"P62241_YELGR(pa)PAANTK_","GKRKPYHKKRKYELGRPAANTKIGPRRIHTV",228,0.012054422,-0.187819004,0.161463974,-0.10040108,0.277552301,-0.07814164,0.003984805,-0.213620237,0.974290257,-0.00299874,0.497596197,-0.075489058,"neg","ns","ns","neg","ns","ns"
"P62280_R(pa)VLLGETGK_","ERAYQKQPTIFQNKKRVLLGETGKEKLPRYY",175,0.020979026,-0.1548655,0.13914032,-0.094567798,0.029763421,-0.139449577,0.358542307,-0.061494309,0.372684984,0.073302243,0.518088492,-0.056529628,"neg","ns","neg","ns","ns","ns"
"P67936_AEFAER(pa)TVAK_","SDKLKEAETRAEFAERTVAKLEKTIDDLEEK",267,0.022944011,-0.192836218,0.189485407,-0.105267221,0.378172213,-0.07127208,0.002004319,-0.258970374,0.011883522,-0.257142014,0.413100865,0.102435909,"neg","ns","ns","neg","neg","ns"
"P84098_GTANAR(pa)MPEK_","GRHMGIGKRKGTANARMPEKVTWMRRMRILR",256,0.001956944,-0.247656927,0.007670956,-0.205043867,0.195514575,-0.100973796,0.001723156,-0.248976534,0.304027617,-0.108931173,0.159874198,-0.158638798,"neg","neg","ns","neg","ns","ns"
"Q01518_EVITFR(pa)EK_","LLAPISEQIKEVITFREKNRGSKLFNHLSAV",243,0.019420796,-0.181825553,0.870010332,-0.012317257,0.214503079,-0.093758798,0.070846608,-0.140149934,0.669568649,-0.040216955,0.273426273,0.11602447,"neg","ns","ns","ns","ns","ns"
"Q01995_GPSYGMSR(pa)EVQSK_","XXXXMANKGPSYGMSREVQSKIEKKYDEELE",23,0.042770814,-0.106546325,0.015929498,-0.120766097,0.696313109,-0.019673716,0.005757219,-0.144270908,0.988524031,0.000925561,0.82281112,0.016055557,"neg","neg","ns","neg","ns","ns"
"Q16822_DVAR(pa)VESK_","YNNCWLARTDPKDVARVESKTVIVTPSQRDT",210,0.007583569,-0.194172838,0.111767853,-0.109801546,0.185274169,-0.091987976,0.334753001,-0.070169419,0.147917057,-0.124739296,0.483170493,-0.070924557,"neg","ns","ns","ns","ns","ns"
"Q5VTE0_R(pa)GNVAGDSK_","NVGFKVKNVSVKDVRRGNVAGDSKNDPPMEA",220,0.049699871,-0.144119693,0.015284979,-0.170048945,0.870895151,0.011506003,0.001924899,-0.22539554,0.152806114,-0.129159566,0.885640427,-0.014204998,"neg","neg","ns","neg","ns","ns"
"Q9UBQ7_R(pa)ILDAAGANLK_","GAHGLLCLLSDHVDKRILDAAGANLKVISTM",60,0.003851537,-0.158925836,0.007044744,-0.141408132,0.068875547,-0.096128346,0.018520471,-0.12900106,0.463394829,-0.048909598,0.724022169,-0.027441108,"neg","neg","ns","neg","ns","ns"
"Q9Y6X1_NITQR(pa)GNVAK_","RIRMANEKHSKNITQRGNVAKTSRNAPEEKA",284,0.019787056,-0.21164213,0.001430132,-0.267902952,0.246308615,-0.099350761,0.015048443,-0.218786101,0.15901764,-0.158960656,0.586720149,-0.071593711,"neg","neg","ns","neg","ns","ns"
"O43866_SLSPSFR(pa)DR(pa)K_","VCKQLGCGKSLSPSFRDRKCYGPGVGRIWLD",248,0.341542461,-0.076655087,0.008541719,-0.19824324,0.967413184,0.003119526,0.011157196,-0.202054611,0.93103594,-0.008308066,0.938257058,-0.008580063,"ns","neg","ns","neg","ns","ns"
"P00325_NDLGNPR(pa)GTLQDGTR(pa)R_","NPESNYCLKNDLGNPRGTLQDGTRRFTCRGK",119,0.103365195,-0.097366315,0.016852672,-0.1367636,0.896951975,-0.007471086,0.12900965,-0.090452124,0.097121794,-0.121031226,0.571976444,0.047482511,"ns","neg","ns","ns","ns","ns"
"P00734_GR(pa)VTGWGNLK_","DRETAASLLQAGYKGRVTGWGNLKETWTANV",47,0.289993371,-0.057296192,0.022196123,-0.118238369,0.396961332,0.044104624,0.11683604,-0.084461529,0.896116559,-0.008581335,0.855290336,0.013462355,"ns","neg","ns","ns","ns","ns"
"P00747_NLDENYCR(pa)NPDGK_","TPENFPCKNLDENYCRNPDGKRAPWCHTTNS",112,0.126597712,-0.091677323,0.03171534,-0.122033742,0.741467738,-0.01887345,0.000747391,-0.19998723,0.705359504,-0.027606892,0.734406489,-0.027201852,"ns","neg","ns","neg","ns","ns"
"P00966_SQER(pa)VEGK_","PECEFVRHCIAKSQERVEGKVQVSVLKGQVY",181,0.074599248,-0.121567439,0.023094073,-0.146620945,0.93387841,0.005406325,0.001762577,-0.210178704,0.188157659,-0.105923442,0.975874933,-0.002688728,"ns","neg","ns","neg","ns","ns"
"P01023_YGAATFTR(pa)TGK_","VALHALSKYGAATFTRTGKAAQVTIQSSGTF",82,0.071012153,-0.102517751,0.002964404,-0.160690385,0.193597566,-0.070990446,0.201385371,-0.072178447,0.573314336,-0.038710278,0.924535963,0.007453421,"ns","neg","ns","ns","ns","ns"
"P01024_R(pa)QGALELIK_","YLDETEQWEKFGLEKRQGALELIKKGYTQQL",54,0.052662033,-0.106123515,0.036204852,-0.109234267,0.080456167,-0.091493034,0.068922543,-0.099207324,0.228087028,-0.078923317,0.486435826,0.051485125,"ns","neg","ns","ns","ns","ns"
"P01834_SFNR(pa)GEC_","VTHQGLSSPVTKSFNRGECXXXXXXXXXXXX",209,0.244773727,-0.085016531,4.68e-05,-0.275175444,0.461218472,-0.050874515,0.316137762,-0.072915056,0.971982188,-0.003160437,0.257672563,-0.109352466,"ns","neg","ns","ns","ns","ns"
"P02671_CPSGCR(pa)MK_","FCSDEDWNYKCPSGCRMKGLIDEVNQDFTNR",59,0.171077198,-0.075641418,0.015761398,-0.126823572,0.477413458,0.03761502,0.013203544,-0.135687834,0.099667382,-0.111293764,0.151292506,-0.108309611,"ns","neg","ns","neg","ns","ns"
"P02671_DLLPSR(pa)DR_","QKQLEQVIAKDLLPSRDRQHLPLIKMKPVPD",204,0.070370042,-0.128550652,0.00256078,-0.202844656,0.692471473,-0.02699956,0.096507551,-0.117263667,0.89814024,-0.011381156,0.797796784,0.026211927,"ns","neg","ns","ns","ns","ns"
"P02675_R(pa)EEAPSLR_","EGFFSARGHRPLDKKREEAPSLRPAPPPISG",130,0.511271991,-0.040372103,0.001929723,-0.181049205,0.223660168,0.071798338,0.051708812,-0.118534601,0.20169886,-0.092790344,0.46596426,-0.058228665,"ns","neg","ns","ns","ns","ns"
"P04075_ADDGR(pa)PFPQVIK_","VILFHETLYQKADDGRPFPQVIKSKGGVVGI",275,0.254619544,-0.099474966,0.002389103,-0.248667218,0.569367152,-0.047470912,0.898293986,0.011145764,0.258088717,-0.118459624,0.061875581,-0.212427026,"ns","neg","ns","ns","ns","ns"
"P06576_TIAMDGTEGLVR(pa)GQK_","STVRTIAMDGTEGLVRGQKVLDSGAPIKIPV",234,0.621915495,-0.037863986,0.020067212,-0.16992826,0.958384717,0.003852028,0.265554427,-0.085360192,0.793609585,0.024340189,0.456145046,0.074979951,"ns","neg","ns","ns","ns","ns"
"P08670_FADLSEAANR(pa)NNDALR_","EWYKSKFADLSEAANRNNDALRQAKQESTEY",74,0.737735517,-0.018970841,0.049084379,-0.105573136,0.728703369,-0.018740195,0.776138251,0.016007859,0.273280632,0.075223913,0.864550429,-0.012950034,"ns","neg","ns","ns","ns","ns"
"P08708_AAR(pa)VIIEK_","XXMGRVRTKTVKKAARVIIEKYYTRLGNDFH",136,0.105872898,-0.100513817,0.033090982,-0.126277474,0.973872421,-0.001959048,0.185036116,-0.081824601,0.084845493,-0.132169972,0.33526298,-0.083878552,"ns","neg","ns","ns","ns","ns"
"P0C0L4_QR(pa)VEASISK_","GLAVFQDEGAEPLKQRVEASISKANSFLGEK",247,0.14870781,-0.113972566,0.010711462,-0.191397468,0.655538358,-0.033856263,0.00039801,-0.274159605,0.987111362,0.001580247,0.075966655,0.191261133,"ns","neg","ns","neg","ns","ns"
"P10809_APGFGDNR(pa)K_","GLQVVAVKAPGFGDNRKNQLKDMAIATGGAV",242,0.156012188,-0.110940978,0.006784441,-0.201121077,0.860604327,-0.013217353,0.010148488,-0.199030845,0.619557663,-0.046991539,0.675482467,0.050183863,"ns","neg","ns","neg","ns","ns"
"P14174_IGGAQNR(pa)SYSK_","LCSLHSIGKIGGAQNRSYSKLLCGLLAERLR",311,0.084389798,-0.171720777,0.048167264,-0.186316691,0.223758971,-0.115869491,0.334159358,-0.095640147,0.687148215,0.048629925,0.486925719,0.096645231,"ns","neg","ns","ns","ns","ns"
"P15311_QLER(pa)QQLETEK_","MKAQAREEKHQKQLERQQLETEKKRRETVER",258,0.10533,-0.134580821,0.000379562,-0.272651671,0.142607529,-0.114634463,0.715514975,-0.030104444,0.367398616,-0.095592712,0.829359009,0.028416144,"ns","neg","ns","ns","ns","ns"
"P19338_GQNQDYR(pa)GGK_","ISLYYTGEKGQNQDYRGGKNSTWSGESKTLV",114,0.614364607,-0.030023855,0.025079529,-0.127642293,0.8824926,0.008484315,0.197342485,-0.076318744,0.147166185,-0.105568597,0.877949495,0.012559285,"ns","neg","ns","ns","ns","ns"
"P20962_R(pa)AAEEEDEADPK_","DEEEEEEDDEGPALKRAAEEEDEADPKRQKT",266,0.137292184,-0.124431913,0.037434758,-0.165724068,0.446334368,-0.061012891,0.132527891,-0.125509438,0.095273768,-0.169467931,0.9304339,-0.011131424,"ns","neg","ns","ns","ns","ns"
"P21333_AR(pa)GPGLEK_","IRDAPQDFHPDRVKARGPGLEKTGVAVNKPA",34,0.305677218,-0.054672965,0.017216538,-0.121032493,0.924393711,-0.004858692,0.268658068,-0.058699468,0.419139195,-0.052388414,0.463969585,-0.053301456,"ns","neg","ns","ns","ns","ns"
"P25705_R(pa)STVAQLVK_","EKKKLYCIYVAIGQKRSTVAQLVKRLTDADA",128,0.070837236,-0.110945119,0.004011765,-0.167049656,0.360590375,-0.053693593,0.002556824,-0.183554038,0.077306695,-0.130207034,0.240118855,0.098859307,"ns","neg","ns","neg","ns","ns"
"P35542_AEEWGR(pa)SGK_","VLEDSKSNEKAEEWGRSGKDPDRFRPDGLPK",202,0.241694551,-0.082540774,0.037569707,-0.139987885,0.782787904,0.018691722,0.075963059,-0.12422289,0.36229182,-0.078723501,0.790332752,0.024018769,"ns","neg","ns","ns","ns","ns"
"P35579_VGR(pa)DYVQK_","TDFTRGILTPRIKVGRDYVQKAQTKEQADFA",48,0.402932846,-0.045707338,0.029552812,-0.112689819,0.74123864,-0.017200606,0.696910565,0.021167658,0.515391119,-0.04329594,0.455592935,-0.056762913,"ns","neg","ns","ns","ns","ns"
"P35711_QR(pa)QQMELAK_","HDEQKKLAASQIEKQRQQMELAKQQQEQIAR",302,0.215863376,-0.121785358,0.019219795,-0.211736435,0.200134669,-0.117284811,0.072101723,-0.174577918,0.322934162,-0.119873633,0.75587663,0.047110762,"ns","neg","ns","ns","ns","ns"
"P35749_SILTPR(pa)IK_","MGINVTDFTRSILTPRIKVGRDVVQKAQTKE",112,0.124219923,-0.092587563,0.028514352,-0.124611525,0.326476149,-0.056187075,0.202879389,-0.076467553,0.498931202,-0.048832957,0.992653194,-0.000740797,"ns","neg","ns","ns","ns","ns"
"P38646_R(pa)ETGVDLTK_","DFDQALLRHIVKEFKRETGVDLTKDNMALQR",158,0.050703019,-0.125499269,0.006215205,-0.168318031,0.327143496,-0.060889246,0.076487045,-0.113156394,0.06306005,-0.145041379,0.415201955,0.069653186,"ns","neg","ns","ns","ns","ns"
"P47897_ANNGICFLR(pa)_","FNFGYAKANNGICFLRFDDTNPEKEEAKFFT",332,0.167508886,-0.1510855,0.008724751,-0.271974515,0.995093004,-0.000650075,0.235670666,-0.129230465,0.821655714,0.029464856,0.982977418,0.003352533,"ns","neg","ns","ns","ns","ns"
"P48735_ATDFVADR(pa)AGTFK_","HAHGDQYKATDFVADRAGTFKMVFTPKDGSG",52,0.139377676,-0.080566434,0.012104737,-0.130501022,0.57268843,0.029539944,0.003140007,-0.159511559,0.41775208,-0.053685356,0.95076479,-0.004687687,"ns","neg","ns","neg","ns","ns"
"P56470_WGSEER(pa)K_","VVFNTLQGGKWGSEERKRSMPFKKGAAFELV",217,0.170188475,-0.10072131,0.009305383,-0.181237115,0.884784336,0.010259015,0.122235127,-0.112208656,0.385299338,-0.080650093,0.441673876,-0.078199196,"ns","neg","ns","ns","ns","ns"
"P60866_VCADLIR(pa)GAK_","SRNVKSLEKVCADLIRGAKEKNLKVKGPVRM",285,0.106947009,-0.145470136,0.005225151,-0.236508924,0.209664153,-0.107457155,0.003422679,-0.260924223,0.046908089,-0.21491161,0.740080244,-0.040361942,"ns","neg","ns","neg","neg","ns"
"P60903_DLDQCR(pa)DGK_","DPLAVDKIMKDLDQCRDGKVGFQSFFSLIAG",50,0.05012874,-0.106797562,0.035051061,-0.109470199,0.510018117,-0.034449823,0.000144316,-0.204390521,0.107878552,-0.106761546,0.389607779,-0.065433946,"ns","neg","ns","neg","ns","ns"
"P62805_LAR(pa)R(pa)GGVK_","DNIQGITKPAIRRLARRGGVKRISGLIYEET",198,0.203151289,-0.089918073,0.015153854,-0.162467553,0.756672747,0.02091175,0.077453211,-0.124211575,0.360183498,-0.076272441,0.249212892,-0.108797667,"ns","neg","ns","ns","ns","ns"
"P62805_VLR(pa)DNIQGITK_","KGLGKGGAKRHRKVLRDNIQGITKPAIRRLA",139,0.641977677,-0.029195146,0.003714669,-0.171645496,0.500158798,0.040313136,0.001379018,-0.197766322,0.408253341,-0.063832035,0.907187861,-0.010365471,"ns","neg","ns","neg","ns","ns"
"P62937_FGSR(pa)NGK_","KEGMNIVEAMERFGSRNGKTSKKITIADCGQ",223,0.132886604,-0.110599035,0.010268458,-0.180672409,0.776045643,0.020343541,0.090971543,-0.123299236,0.97326049,-0.003160205,0.332566239,-0.100491369,"ns","neg","ns","ns","ns","ns"
"Q01082_EIFGR(pa)IQDK_","YELHKFYHDAKEIFGRIQDKHKKLPEELGRD",169,0.151663971,-0.094018258,0.039264742,-0.129437673,0.321886748,-0.062777027,0.650008318,-0.029624428,0.004389187,-0.222724897,0.871694126,-0.013823013,"ns","neg","ns","ns","neg","ns"
"Q04828_R(pa)EDIFYTSK_","VGLAIRSKIADGSVKREDIFYTSKLWCNSHR",212,0.063933723,-0.134326036,0.018186519,-0.162862034,0.705513154,-0.026356156,0.640675836,-0.033807704,0.653360719,0.039448979,0.387405371,-0.082084887,"ns","neg","ns","ns","ns","ns"
"Q09666_FGVSTGR(pa)EGQTPK_","KFPTMKVPKFGVSTGREGQTPKAGLRVSAPE",141,0.408919785,-0.051328158,0.026752196,-0.132151656,0.363435421,-0.054615309,0.121426326,-0.095923962,0.249975896,-0.086922048,0.767095206,-0.024466151,"ns","neg","ns","ns","ns","ns"
"Q99880_R(pa)STITSR(pa)EIQTAVR_","ERIASEASRLAHYNKRSTITSREIQTAVRLL",262,0.08587608,-0.142644923,0.014152229,-0.192440412,0.120325101,-0.122918933,0.872071543,-0.013395102,0.916725685,0.010378018,0.110801315,0.17852622,"ns","neg","ns","ns","ns","ns"
"Q9UL46_YFSER(pa)GDAVAK_","KVEAFQTTISKYFSERGDAVAKASKETHVMD",80,0.084953948,-0.097371314,0.018530135,-0.127097907,0.701942573,-0.020798468,0.021956657,-0.128452598,0.886007017,-0.009880669,0.780830679,-0.022097626,"ns","neg","ns","neg","ns","ns"
"Q9UM07_LLLASPR(pa)SCYK_","PAPDRKGFRLLLASPRSCYKLFQEQQNEGHG",152,0.06599418,-0.116932479,0.020409963,-0.140800941,0.503955199,-0.040919203,0.217003777,-0.078194074,0.06158744,-0.144537004,0.746498073,-0.028965087,"ns","neg","ns","ns","ns","ns"
"Q9Y2J8_GFPVVLDSPR(pa)DGNLK_","IEAPHKGFPVVLDSPRDGNLKDFPVKELLGP",161,0.196963124,-0.083575973,0.04610414,-0.123335729,0.465208943,-0.045486792,0.233153742,-0.076926964,0.138554248,-0.113402427,0.340944053,-0.079096606,"ns","neg","ns","ns","ns","ns"
"Q9Y2J8_QR(pa)WLLSPSTTLR_","VRDGEAEEVATNGKQRWLLSPSTTLRVTMSQ",264,0.354238769,-0.075911227,0.014902037,-0.192192925,0.866067158,-0.013481059,0.339775805,-0.077954568,0.397434558,0.088290796,0.34498074,0.113730588,"ns","neg","ns","ns","ns","ns"
"Q9Y2J8_VVR(pa)DFLK_","SSFPLSGGRRMTKVVRDFLKAQQVQAPVELY",15,0.193200705,-0.067980895,0.049147007,-0.09770369,0.837707219,0.010234688,0.082370389,-0.090184088,0.095432573,-0.10526839,0.830213447,0.015257086,"ns","neg","ns","ns","ns","ns"
"Q9Y5S8_CAESFEMWDDR(pa)_","SHPRKCAESFEMWDDRDSHCRRPKFEGHPPE",235,0.055878847,-0.145644872,0.028914834,-0.15937477,0.026495776,-0.162270721,0.728990721,-0.026451763,0.1597533,-0.123072883,0.987999565,-0.001492923,"ns","neg","neg","ns","ns","ns"
"P07900_IR(pa)YESLTDPSK_","LRELISNSSDALDKIRYESLTDPSKLDSGKE",303,0.13751678,-0.145900882,0.839237458,0.018793698,0.028647841,-0.201522961,0.364222313,0.089441203,0.310996094,0.113260207,0.833433904,-0.025404874,"ns","ns","neg","ns","ns","ns"
"Q9UL46_VLER(pa)VNAVK_","DGNDFGVAIQEKVLERVNAVKTKVEAFQTTI",219,0.061412145,-0.138554272,0.274820103,-0.077199291,0.041479721,-0.144307132,0.721406917,-0.02631854,0.375146604,-0.078729939,0.538873295,-0.06488751,"ns","ns","neg","ns","ns","ns"
"A0A0B4J1X5_GR(pa)FTISR(pa)DNAK_","NSDGSSTSYADSVKGRFTISRDNAKNTLYLQ",121,0.230122638,-0.072336209,0.186380994,-0.076114651,0.950389288,-0.003595137,0.021720298,-0.1373761,0.329454597,-0.07170358,0.646972041,0.03769536,"ns","ns","ns","neg","ns","ns"
"O95831_SR(pa)TTLFR(pa)K_","RSLSAIDRAGAEVKSRTTLFRKIGDFRSLEK",230,0.475470366,-0.053981313,0.362439175,-0.066085724,0.388860631,0.062534249,0.005221467,-0.209093773,0.729206575,-0.032343343,0.567296823,-0.057014431,"ns","ns","ns","neg","ns","ns"
"P00325_NDLGNPR(pa)GTLQDGTR_","NPESNYCLKNDLGNPRGTLQDGTRRFTCRGK",211,0.332851972,-0.070075382,0.885446778,-0.010001081,0.544207819,-0.04228661,0.001494162,-0.225929519,0.817037325,-0.020567905,0.475466608,0.07490725,"ns","ns","ns","neg","ns","ns"
"P00558_IEAFR(pa)ASLSK_","SGNKVKAEPAKIEAFRASLSKLGDVYVNDAF",84,0.493199284,-0.039382596,0.786039389,0.014841548,0.557547639,0.0322036,0.004093677,-0.162885126,0.581968523,-0.037662815,0.726429814,-0.027526293,"ns","ns","ns","neg","ns","ns"
"P01008_FSPENTR(pa)K_","YFKGLWKSKFSPENTRKELFYKADGESCSAS",242,0.74129009,-0.025894331,0.999710122,2.73e-05,0.703676984,0.028705673,0.033712776,-0.164435469,0.122008804,0.145664984,0.060816678,-0.194127021,"ns","ns","ns","neg","ns","ns"
"P01876_TIDR(pa)LAGK_","GHEALPLAFTQKTIDRLAGKPTHVNVSVVMA",60,0.197787284,-0.071402492,0.724241672,-0.018631194,0.742583119,-0.017393461,0.013655578,-0.13564641,0.493859566,-0.046050774,0.074825915,0.134252328,"ns","ns","ns","neg","ns","ns"
"P02647_WQEEMELYR(pa)QK_","LDDFQKKWQEEMELYRQKVEPLRAELQEGAR",51,0.118226712,-0.085263497,0.110360175,-0.083139612,0.701393427,0.020081901,0.002533567,-0.163008037,0.580757676,-0.036443645,0.886417071,-0.010487286,"ns","ns","ns","neg","ns","ns"
"P02671_DR(pa)QHLPLIK_","QLEQVIAKDLLPSRDRQHLPLIKMKPVPDLV",150,0.913016164,-0.006985803,0.547386017,-0.036638795,0.108777291,0.097818512,0.034635367,-0.133950407,0.410111027,0.06494871,0.496524042,-0.058150506,"ns","ns","ns","neg","ns","ns"
"P02787_VPPR(pa)MDAK_","LLFKDSAHGFLKVPPRMDAKMYLGYEYVTAI",75,0.054698201,-0.108019821,0.090289718,-0.09094,0.640755265,-0.025210721,0.017855224,-0.132138022,0.617155908,-0.034444089,0.207163915,-0.097816052,"ns","ns","ns","neg","ns","ns"
"P05062_R(pa)AMANCQAAK_","GKAANKEATQEAFMKRAMANCQAAKGQYVHT",26,0.466941226,-0.038460334,0.411120529,-0.041469082,0.7630161,0.015277084,0.001395791,-0.166888651,0.706937569,0.024090329,0.590981585,-0.038619422,"ns","ns","ns","neg","ns","ns"
"P05091_SR(pa)VVGNPFDSK_","IYDEFVERSVARAKSRVVGNPFDSKTEQGPQ",107,0.233667829,-0.070769137,0.812042642,-0.013450914,0.716549798,-0.020602392,0.044049119,-0.118750162,0.896006091,-0.009519996,0.024417944,0.180155313,"ns","ns","ns","neg","ns","pos"
"P05783_TTTR(pa)R(pa)IVDGK_","LDSSNSMQTIQKTTTRRIVDGKVVSETNDTK",102,0.395952083,-0.050295152,0.273066575,-0.061549199,0.909657283,-0.006408564,0.001083972,-0.190946348,0.667727189,0.030852139,0.464129589,-0.05865545,"ns","ns","ns","neg","ns","ns"
"P11021_DNR(pa)AVQK_","KLYKKKTGKDVRKDNRAVQKLRREVEKAKRA",116,0.475497909,-0.043206128,0.221074157,-0.070269423,0.547793845,0.034721207,0.008220968,-0.158221285,0.257704889,0.081652745,0.861129513,-0.013850908,"ns","ns","ns","neg","ns","ns"
"P11142_R(pa)NTTIPTK_","LGIETAGGVMTVLIKRNTTIPTKQTQTFTTY",112,0.17915489,-0.079657216,0.614802533,-0.028738316,0.269503954,-0.063215167,0.049857072,-0.115478263,0.118046868,-0.112298147,0.468603774,-0.061304506,"ns","ns","ns","neg","ns","ns"
"P12111_SSDR(pa)VDGPASNLK_","VLQFLVLLVAGRSSDRVDGPASNLKQSGVVP",193,0.243203361,-0.081871742,0.361699395,-0.060418402,0.505759862,-0.04429261,0.045943457,-0.138558368,0.941883788,-0.006357304,0.919818454,-0.010246825,"ns","ns","ns","neg","ns","ns"
"P13804_VVVSGGR(pa)GLK_","DRPELTGAKVVVSGGRGLKSGENFKLLYDLA",139,0.050387064,-0.121717474,0.15290812,-0.085339334,0.82062288,0.0136108,0.000339594,-0.220116024,0.146166316,-0.106110522,0.437898412,-0.064690036,"ns","ns","ns","neg","ns","ns"
"P16401_ER(pa)NGLSLAALK_","PVSELITKAVAASKERNGLSLAALKKALAAG",165,0.967164165,0.002717303,0.842023032,-0.012492809,0.380067599,0.055306927,0.047707124,-0.129030767,0.28701564,0.083632367,0.231974947,0.105150695,"ns","ns","ns","neg","ns","ns"
"P16422_SLR(pa)TALQK_","LKHKAREKPYDSKSLRTALQKEITTRYQLDP",213,0.250698124,-0.084413991,0.167378428,-0.096090094,0.66495719,0.030277532,0.047691367,-0.143853389,0.122697138,-0.135017091,0.069271666,-0.182430285,"ns","ns","ns","neg","ns","ns"
"P21333_R(pa)LTVSSLQESGLK_","SPFVVPVASPSGDARRLTVSSLQESGLKVNQ",88,0.870058852,0.009358898,0.681185889,-0.022562184,0.130516367,0.0831554,0.000747259,-0.190508336,0.79106776,-0.018524106,0.504428627,0.052985235,"ns","ns","ns","neg","ns","ns"
"P23528_DR(pa)CTLAEK_","IKHELQANCYEEVKDRCTLAEKLGGSAVISL",305,0.352590522,-0.092526405,0.522961674,-0.059385324,0.660882536,-0.040980315,0.00198398,-0.299869652,0.820497399,0.028468387,0.769657905,-0.047788196,"ns","ns","ns","neg","ns","ns"
"P30041_R(pa)VATPVDWK_","EILRVVISLQLTAEKRVATPVDWKDGDSVMV",164,0.272735793,-0.071836878,0.24838366,-0.072260357,0.717936209,-0.022639657,0.03458768,-0.137339063,0.657647336,-0.034861397,0.580750813,0.050489697,"ns","ns","ns","neg","ns","ns"
"P35579_NENAR(pa)QQLER_","DLNLERSHAQKNENARQQLERQNKELKVKLQ",252,0.128324558,-0.121499828,0.314994086,-0.077290719,0.371934846,-0.068905797,0.045655557,-0.158742477,0.283095183,-0.102775231,0.397391211,0.094113221,"ns","ns","ns","neg","ns","ns"
"P35749_ASR(pa)DEIFATAK_","QMKDFQRELEDARASRDEIFATAKENEKKAK",59,0.266066114,-0.061585988,0.986928956,0.000864052,0.83485897,-0.011041001,0.031014279,-0.118404555,0.457844545,-0.050078109,0.008450876,-0.199649115,"ns","ns","ns","neg","ns","neg"
"P35749_NESAR(pa)QQLER_","ELATERSTAQKNESARQQLERQNKELRSKLH",239,0.457128949,-0.058103482,0.061428784,-0.138545475,0.605020523,0.038588582,0.023298371,-0.175495765,0.463864685,0.066931864,0.889799419,-0.014811541,"ns","ns","ns","neg","ns","ns"
"P35749_QR(pa)ALAAAAK_","QLHEYETELEDERKQRALAAAAKKKLEGDLK",85,0.081994765,-0.099099145,0.132398666,-0.082133402,0.540384602,-0.033616375,0.020609425,-0.131235444,0.630139416,-0.033745612,0.3528348,-0.070047262,"ns","ns","ns","neg","ns","ns"
"P37802_ENPR(pa)NFSDNQLQEGK_","SGDPNWFPKKSKENPRNFSDNQLQEGKNVIG",55,0.279455081,-0.05934979,0.383946009,-0.045641941,0.851825218,0.00983763,0.005746127,-0.149934363,0.714034191,0.024453065,0.178694719,0.098762028,"ns","ns","ns","neg","ns","ns"
"P42766_VELSQLR(pa)VAK_","LLKQLDDLKVELSQLRVAKVTGGAASKLSKI",93,0.404385823,-0.048476878,0.188534198,-0.072786276,0.642808728,0.025780897,0.003311502,-0.168785556,0.967000154,0.002929022,0.361218939,0.072887901,"ns","ns","ns","neg","ns","ns"
"P46776_R(pa)NQSFCPTVNLDK_","PGYFGKVGMKHYHLKRNQSFCPTVNLDKLWT",193,0.242957155,-0.080924733,0.080045755,-0.115915148,0.595353295,-0.035355921,0.01931039,-0.160961306,0.370355484,0.073659162,0.153632766,0.124413839,"ns","ns","ns","neg","ns","ns"
"P53999_TGETSR(pa)ALSSSK_","APEKPVKKQKTGETSRALSSSKQSSSSRDDN",261,0.067414929,-0.15231254,0.109756987,-0.126520214,0.989472808,-0.001051341,0.022471012,-0.188163426,0.786744038,-0.027116833,0.188539982,-0.153509415,"ns","ns","ns","neg","ns","ns"
"P62249_GPLQSVQVFGR(pa)K_","XMPSKGPLQSVQVFGRKKTATAVAHCKRGNG",100,0.687641632,-0.023505257,0.412453446,-0.045756361,0.489914484,0.038734131,0.011888268,-0.145307623,0.392705413,-0.061386574,0.442946815,-0.063109246,"ns","ns","ns","neg","ns","ns"
"P62258_YLAEFATGNDR(pa)K_","GDYHRYLAEFATGNDRKEAAENSLVAYKAAS",51,0.531077437,-0.034237326,0.103707109,-0.084725564,0.304284821,0.053768627,0.018217939,-0.127996048,0.464983314,-0.048628164,0.35785508,0.067613944,"ns","ns","ns","neg","ns","ns"
"P62753_R(pa)QEQIAK_","YAKLLAKRMKEAKEKRQEQIAKRRRLSSLRA",304,0.218581748,-0.120490832,0.299456119,-0.096739649,0.714221376,0.034514504,0.031679762,-0.20786362,0.225221301,-0.142687098,0.330458408,-0.120730603,"ns","ns","ns","neg","ns","ns"
"P62805_R(pa)ISGLIYEETR_","TKPAIRRLARRGGVKRISGLIYEETRGVLKV",172,0.064736294,-0.12280818,0.058470302,-0.119361536,0.227718663,-0.076408265,0.035172229,-0.139275886,0.337806689,-0.079610463,0.500082263,0.062151374,"ns","ns","ns","neg","ns","ns"
"P63267_CDIDIR(pa)K_","HETTYNSIMKCDIDIRKDLYANNVLSGGTTM",153,0.9227513,-0.006188721,0.544771101,-0.037015596,0.104165031,0.099480586,0.008124425,-0.167060956,0.495219521,-0.052978384,0.819874876,0.019705613,"ns","ns","ns","neg","ns","ns"
"Q01082_NR(pa)EASLGEASK_","EISDVWEEMKTTLKNREASLGEASKLQQFLR",106,0.274754366,-0.064912134,0.22583429,-0.068215706,0.678591498,0.023475552,0.000103307,-0.226402092,0.394147402,0.061042871,0.491450783,-0.057385864,"ns","ns","ns","neg","ns","ns"
"Q02252_EGASILLDGR(pa)K_","IDSGTKEGASILLDGRKIKVKGYENGNFVGP",234,0.290148811,-0.081114616,0.500562299,-0.049163327,0.891261672,-0.010010196,0.002907791,-0.225727162,0.83008731,-0.019879284,0.59926666,0.05925356,"ns","ns","ns","neg","ns","ns"
"Q13813_ELSTLR(pa)R(pa)QK_","QVLDRYHRFKELSTLRRQKLEDSYRFQFFQR",112,0.065299221,-0.109721704,0.076071525,-0.101067518,0.805471109,-0.014089283,0.004255341,-0.168558819,0.374248209,-0.064142537,0.634107258,-0.039442365,"ns","ns","ns","neg","ns","ns"
"Q15582_VIGTNR(pa)K_","HGPNVCAVQKVIGTNRKYFTNCKQWYQRKIC",274,0.549437729,-0.051580649,0.853920238,-0.015210832,0.582013321,0.045453802,0.025164202,-0.190568796,0.690704602,-0.041807597,0.06182193,0.240569957,"ns","ns","ns","neg","ns","ns"
"Q6NZI2_VR(pa)TR(pa)ENLEK_","FKKAFSKEKMEKTKVRTRENLEKTRLKTKEN",245,0.067771699,-0.141690777,0.05864858,-0.141605471,0.161764418,-0.105321734,0.001422403,-0.244204986,0.701552871,0.035493762,0.669068893,-0.045411075,"ns","ns","ns","neg","ns","ns"
"Q9Y2J8_DMSQMILR(pa)TK_","VYSKEDLKDMSQMILRTKGPDRLPAGYEIVL",30,0.428049801,-0.042074288,0.163142068,-0.070574527,0.812622931,0.012056954,0.003514999,-0.15323871,0.59294217,-0.034318336,0.528719112,-0.045499279,"ns","ns","ns","neg","ns","ns"
"Q9Y2J8_EDCR(pa)DEK_","VNCDRETPWLPKEDCRDEKVYSKEDLKDMSQ",165,0.677059484,-0.027308646,0.436316885,-0.048861787,0.529657837,0.039617304,0.0254574,-0.144832042,0.773856222,0.022607103,0.761482333,-0.026982513,"ns","ns","ns","neg","ns","ns"
