"ID","log2sum","n","type"
"A0A0B4J1U7",0.475716553237536,1,"ns"
"A0A0B4J1V0",0.177515212746517,1,"ns"
"A0A0B4J1X5",0.871861233570347,2,"up"
"A0A0C4DH43",0.12474205471206,1,"ns"
"A0AVT1",0.39130605931461,1,"ns"
"A6NI56",0.0527578389283965,1,"ns"
"A6NKB5",-0.00096348361764389,1,"ns"
"A6NMZ7",0.309929551849128,1,"ns"
"B3KS81",-0.518223109782854,1,"down"
"L0R6Q1",0.518296035098984,1,"up"
"O00116",0.742328019042517,1,"up"
"O00159",0.561905111076136,3,"up"
"O00186",0.0297144411071773,1,"ns"
"O00203",-0.0175138602362416,1,"ns"
"O00231",0.505050972758428,3,"up"
"O00264",0.063129632005016,1,"ns"
"O00299",-4.63213005283561,1,"down"
"O00468",-0.424964570359007,1,"ns"
"O00469",0.277678776686987,1,"ns"
"O00483",1.16595834289726,1,"up"
"O00499",-0.302740821427033,1,"ns"
"O00567",0.729999221332725,1,"up"
"O00584",0.613758093534619,1,"up"
"O14495",-0.146308408382163,1,"ns"
"O14579",-1.81881880545004,1,"down"
"O14617",-0.37139441005184,1,"ns"
"O14681",0.276464583823317,1,"ns"
"O14735",1.39660540882089,1,"up"
"O14818",0.189037171158325,4,"ns"
"O14936",0.294239925725509,1,"ns"
"O14957",0.423359041624846,1,"ns"
"O14958",-0.290705086939888,1,"ns"
"O14964",-0.217491387777681,1,"ns"
"O15054",0.187700407913821,1,"ns"
"O15126",-0.773287619063508,1,"down"
"O15143",0.492871629772902,1,"ns"
"O15144",0.110691138453275,2,"ns"
"O15145",-0.249245250993782,2,"ns"
"O15230",-0.304834828823984,1,"ns"
"O15260",-0.179404278281434,1,"ns"
"O15371",-0.438742074907076,1,"ns"
"O15382",0.421101562535846,1,"ns"
"O43143",-0.183119016464774,1,"ns"
"O43399",0.31803440726536,1,"ns"
"O43491",-0.542933460004605,1,"down"
"O43598",-0.097497868403216,1,"ns"
"O43707",2.08611236384342,6,"up"
"O43747",-0.538732276017739,1,"down"
"O43772",0.261757883031529,2,"ns"
"O43776",0.664995765719889,1,"up"
"O43852",-0.087640352453706,1,"ns"
"O60313",-0.136069936533301,1,"ns"
"O60506",0.241506226417587,1,"ns"
"O60547",0.549018923928653,1,"up"
"O60610",0.387418325316272,1,"ns"
"O60613",1.15165118886857,1,"up"
"O60637",1.241973224002,1,"up"
"O60664",-0.445169511527511,1,"ns"
"O60701",0.35054580936973,2,"ns"
"O60749",0.708006115964646,2,"up"
"O60762",0.398992075150679,1,"ns"
"O75083",0.733728309848937,2,"up"
"O75251",0.385536171654419,2,"ns"
"O75323",-0.0384880635972328,1,"ns"
"O75367",0.524232764411631,1,"up"
"O75369",0.425205676419905,2,"ns"
"O75390",0.104963199179632,1,"ns"
"O75643",0.485185210104746,2,"ns"
"O75695",-0.0404818192175379,1,"ns"
"O75746",0.160788537595023,1,"ns"
"O75828",0.125564237006702,1,"ns"
"O75832",-0.422820929748056,1,"ns"
"O75844",0.0709595778930893,1,"ns"
"O75947",0.952827711433329,1,"up"
"O94826",0.365279056274537,1,"ns"
"O94832",1.10298240228597,1,"up"
"O94919",0.406938500971037,1,"ns"
"O94925",0.748869586394462,1,"up"
"O94979",0.407583220578271,1,"ns"
"O95182",-0.318991132407534,1,"ns"
"O95210",0.26302559652746,1,"ns"
"O95292",-0.0895296113293465,1,"ns"
"O95297",0.754629166911606,1,"up"
"O95352",0.267884292281087,1,"ns"
"O95433",0.0367377301780839,1,"ns"
"O95479",0.23671002457379,1,"ns"
"O95573",-0.0300398490216745,1,"ns"
"O96011",-0.162831940746009,1,"ns"
"O96019",-0.0612115052190299,1,"ns"
"P00338",-0.63618324549731,3,"down"
"P00367",0.442800608421963,1,"ns"
"P00387",0.266971335598595,3,"ns"
"P00441",0.699715015911767,1,"up"
"P00450",0.55337444201903,2,"up"
"P00488",1.03596935283226,3,"up"
"P00491",0.0295381152737111,1,"ns"
"P00505",0.113000147260781,1,"ns"
"P00533",0.278960786828083,1,"ns"
"P00568",-0.0760076616156916,1,"ns"
"P00734",-0.10484106200554,1,"ns"
"P00736",0.985756478876909,1,"up"
"P00738",0.690579692391356,2,"up"
"P00747",2.47764200972609,2,"up"
"P00966",0.882755918386186,1,"up"
"P01008",1.12530930306709,3,"up"
"P01023",1.72752219637349,2,"up"
"P01024",1.29822797998522,5,"up"
"P01701",0.374019128148311,1,"ns"
"P01706",-0.0853465964307208,1,"ns"
"P01817",0.493869357013538,1,"ns"
"P01834",2.16383432848778,2,"up"
"P01859",-0.0275498663365101,1,"ns"
"P01860",0.537320906443772,1,"up"
"P01871",1.28008659569179,2,"up"
"P01892",0.384491551637299,1,"ns"
"P01903",0.16906605008772,1,"ns"
"P01909",0.330046278023562,1,"ns"
"P02042",-0.219364588900455,1,"ns"
"P02144",-0.590328292095658,2,"down"
"P02452",-0.0408541947296435,2,"ns"
"P02511",0.108577789540617,1,"ns"
"P02545",-1.49172718201036,15,"down"
"P02647",1.8827237420518,3,"up"
"P02649",-2.26930098602585,3,"down"
"P02671",4.39243908934019,7,"up"
"P02675",2.3440135176994,6,"up"
"P02679",0.464749752865311,1,"ns"
"P02749",1.21036343187205,4,"up"
"P02751",7.63678443558143,14,"up"
"P02760",0.266948085693668,1,"ns"
"P02774",-0.130047067087199,1,"ns"
"P02787",-2.72559536351218,5,"down"
"P02790",1.30898905284959,3,"up"
"P02792",0.218492323861872,1,"ns"
"P04004",-0.543444077086109,1,"down"
"P04075",-0.510075198499265,3,"down"
"P04083",2.6534899430335,5,"up"
"P04114",0.951189110778099,1,"up"
"P04179",0.288740482520008,1,"ns"
"P04406",-0.858436789380351,1,"down"
"P04843",0.601935370494693,6,"up"
"P04844",0.620015652730725,1,"up"
"P04899",0.13542334280714,1,"ns"
"P05023",0.0585539046368937,1,"ns"
"P05026",-0.409515021655487,1,"ns"
"P05090",0.221329009697697,1,"ns"
"P05107",0.81954571165055,2,"up"
"P05141",0.887436373738049,1,"up"
"P05362",-1.08199248855007,1,"down"
"P05388",-0.694913435726035,1,"down"
"P05455",-0.332873145529172,1,"ns"
"P05556",0.592334857816803,1,"up"
"P05976",0.143938182859406,1,"ns"
"P06454",-0.0977914490479954,1,"ns"
"P06576",-0.283703297262187,2,"ns"
"P06727",1.04957600118437,1,"up"
"P06732",0.578566357630249,2,"up"
"P06733",0.565900726579606,1,"up"
"P06744",-0.367197244061381,1,"ns"
"P06748",0.283302746240797,2,"ns"
"P06753",-0.0686594750375051,5,"ns"
"P06756",-0.277661515427617,1,"ns"
"P07237",-1.29380257431912,4,"down"
"P07305",-0.141624931846356,1,"ns"
"P07355",-0.904438303968693,6,"down"
"P07437",0.738000848620409,2,"up"
"P07451",0.13580748652783,2,"ns"
"P07585",0.105718451010922,1,"ns"
"P07602",0.195073132834891,1,"ns"
"P07814",0.299291263590408,1,"ns"
"P07900",-1.42959982536109,2,"down"
"P07910",1.46932798744374,2,"up"
"P07954",0.774776261615603,1,"up"
"P08133",1.25712271015514,4,"up"
"P08174",0.0387462109338413,1,"ns"
"P08236",-0.19009109594086,1,"ns"
"P08238",1.13338874522071,4,"up"
"P08294",-0.526835135832171,1,"down"
"P08311",0.648657149361487,2,"up"
"P08572",0.364307914535771,1,"ns"
"P08603",-0.285295750057146,5,"ns"
"P08670",2.29261153086692,11,"up"
"P08708",0.200993403458593,2,"ns"
"P08758",0.25125279500605,4,"ns"
"P09104",0.822203772248454,1,"up"
"P09429",-1.16330419810478,2,"down"
"P09488",0.27820814984951,1,"ns"
"P09493",0.440263536265028,1,"ns"
"P09496",0.0769778601159714,1,"ns"
"P09543",0.214971820225398,2,"ns"
"P09651",0.502095670568184,1,"up"
"P09669",0.805744224305856,2,"up"
"P09874",0.642294108509868,1,"up"
"P09914",-0.60835332148546,1,"down"
"P09917",1.21717464169459,2,"up"
"P09960",0.572098590648134,2,"up"
"P0C0L4",-0.388801106554014,3,"ns"
"P0DMV9",0.37925025358965,1,"ns"
"P0DP08",-0.210745110393453,1,"ns"
"P10412",0.972595722402016,1,"up"
"P10515",0.879352478556712,1,"up"
"P10606",-0.177431726113806,1,"ns"
"P10643",0.323132477963002,1,"ns"
"P10644",0.0743644127796847,2,"ns"
"P10809",0.146750913022119,1,"ns"
"P10909",-0.821144767741807,2,"down"
"P10916",1.31357931425221,1,"up"
"P11021",2.27370075939964,3,"up"
"P11142",0.653536463477889,2,"up"
"P11182",0.0446293038442417,1,"ns"
"P11215",1.07290868812432,3,"up"
"P11216",-0.0958869345672871,3,"ns"
"P11233",0.00591151335482393,1,"ns"
"P11586",0.322171846731323,1,"ns"
"P11766",0.494264711944309,1,"ns"
"P11940",0.929079403334071,2,"up"
"P12081",0.16044447083815,1,"ns"
"P12109",0.0599586906619836,6,"ns"
"P12110",0.346172412314085,6,"ns"
"P12111",-2.78480948206297,26,"down"
"P12236",0.490318788745298,1,"ns"
"P12277",0.00768445247101855,1,"ns"
"P12814",1.31814478280415,1,"up"
"P12882",-0.433986244941179,1,"ns"
"P12883",3.28420710030667,14,"up"
"P12956",1.63758195817199,2,"up"
"P13010",-0.283893758028934,1,"ns"
"P13489",0.0692064267214391,1,"ns"
"P13498",-0.633053536194366,1,"down"
"P13611",-0.331527565210296,2,"ns"
"P13639",-0.468535706784768,3,"ns"
"P13667",2.15503273390786,6,"up"
"P13804",0.486204484012083,1,"ns"
"P13805",1.90287026832355,2,"up"
"P13929",0.205517490561434,1,"ns"
"P14207",-0.0922419003585255,1,"ns"
"P14555",0.248228645718405,2,"ns"
"P14618",-0.430344403125095,2,"ns"
"P14625",0.304464079531657,7,"ns"
"P14854",-0.397521980332604,1,"ns"
"P14866",0.109338953051094,2,"ns"
"P14927",0.224147732634675,1,"ns"
"P15090",0.621758466440264,2,"up"
"P15121",-0.293635719147873,1,"ns"
"P15144",3.51319842742684,1,"up"
"P15153",0.840392299333765,1,"up"
"P15311",0.059686035977186,1,"ns"
"P15531",0.0477813284210688,1,"ns"
"P15586",0.581553595444274,1,"up"
"P16070",-0.639294483845382,2,"down"
"P16083",0.0950515995737826,1,"ns"
"P16104",0.156647981829209,1,"ns"
"P16219",0.764373539435185,1,"up"
"P16278",0.406591156624599,1,"ns"
"P16452",0.381129824244616,1,"ns"
"P16615",0.165779646295052,3,"ns"
"P17568",0.19281466688255,1,"ns"
"P17661",0.0578345224268204,1,"ns"
"P17844",-0.157054052610311,1,"ns"
"P17858",-0.478575644694109,2,"ns"
"P17931",0.134484882984413,1,"ns"
"P18077",0.475232636883839,2,"ns"
"P18124",1.11116957446624,1,"up"
"P18206",2.01241610348156,5,"up"
"P18621",0.290944655712752,1,"ns"
"P19237",0.61567274731193,2,"up"
"P19320",0.0362895735503178,1,"ns"
"P19338",-1.88281195041982,1,"down"
"P19367",0.283642340694114,2,"ns"
"P19823",0.174581606978021,1,"ns"
"P19827",0.48912321270327,4,"ns"
"P20020",0.289502896210956,1,"ns"
"P20339",-0.596707662497265,1,"down"
"P20340",-0.0375120764635956,1,"ns"
"P20618",0.483329828944579,1,"ns"
"P20700",-0.419870818298118,1,"ns"
"P20774",0.560341569193943,2,"up"
"P20929",-0.190659275647103,3,"ns"
"P21266",0.668791106588477,1,"up"
"P21291",0.800858445958292,1,"up"
"P21333",-1.12108768198831,6,"down"
"P21695",0.140599048014205,1,"ns"
"P21796",-0.668086519804325,2,"down"
"P21810",0.643474034009185,1,"up"
"P21912",0.330722325118907,1,"ns"
"P21980",2.90818496645665,3,"up"
"P22105",-2.61813619847759,15,"down"
"P22234",0.425651487390904,1,"ns"
"P22307",1.630270993152,1,"up"
"P22314",0.490182069382111,2,"ns"
"P22626",-0.312208581583115,1,"ns"
"P22695",0.0511054056426295,1,"ns"
"P22897",1.25165078156782,1,"up"
"P23246",-0.385289062161647,2,"ns"
"P23284",0.0315151548452337,1,"ns"
"P23381",-0.150488457723412,1,"ns"
"P23396",-0.101782513399852,1,"ns"
"P23458",0.107890344076657,1,"ns"
"P23528",0.350929865980067,1,"ns"
"P23588",0.459009283981908,1,"ns"
"P23634",0.423830091974573,4,"ns"
"P24311",0.311419962312833,1,"ns"
"P24534",0.136264994124356,1,"ns"
"P24821",0.723272083758708,5,"up"
"P25398",-0.528846318956703,1,"down"
"P25685",-0.0858054682516221,1,"ns"
"P25705",2.63054532887127,6,"up"
"P25774",0.215189271215484,1,"ns"
"P25789",0.676107043943803,1,"up"
"P26038",0.490426791833141,2,"ns"
"P26368",0.0863645462508769,1,"ns"
"P26373",0.648248331537295,1,"up"
"P26599",0.0592815865806911,2,"ns"
"P26639",-0.500253654693798,1,"down"
"P26641",1.50464400054116,2,"up"
"P26678",-0.0968388419547829,2,"ns"
"P27105",0.252227898408856,2,"ns"
"P27338",0.723889567427749,1,"up"
"P27348",-0.0397883050570283,1,"ns"
"P27487",0.399148326437836,2,"ns"
"P27635",-0.480723252884627,1,"ns"
"P27694",0.426191007678762,2,"ns"
"P27824",-0.114568952463641,2,"ns"
"P28066",1.20063472458044,1,"up"
"P28906",-0.927512444849177,1,"down"
"P29692",0.186263613717594,2,"ns"
"P29728",0.862274334474928,2,"up"
"P29992",0.508084995601641,1,"up"
"P30043",0.171849929249085,1,"ns"
"P30044",1.93708250037702,1,"up"
"P30048",0.00776966726599863,1,"ns"
"P30050",0.0902071811748534,1,"ns"
"P30085",0.456183405149267,1,"ns"
"P30086",0.445757531947866,2,"ns"
"P30101",-1.23702453127517,5,"down"
"P30486",0.709658328996287,1,"up"
"P30533",-0.183466302635639,1,"ns"
"P30740",0.569016591657782,1,"up"
"P30876",0.272076542619166,1,"ns"
"P31040",0.666429663425041,2,"up"
"P31146",0.363740547603961,1,"ns"
"P31150",0.0238771200972163,2,"ns"
"P31153",0.654824672796451,1,"up"
"P31749",0.255851561272668,1,"ns"
"P31930",-0.0860617099086423,1,"ns"
"P31943",0.387880266365749,1,"ns"
"P31948",0.563850870131207,1,"up"
"P32119",-0.118541326449402,1,"ns"
"P32455",1.21171557649834,1,"up"
"P32456",0.741252992275024,1,"up"
"P33121",0.0401998519701997,1,"ns"
"P33176",0.0185851742807978,1,"ns"
"P35221",1.06479703830552,3,"up"
"P35241",0.0570293650866793,1,"ns"
"P35443",0.411936584547694,3,"ns"
"P35542",0.269104362674854,1,"ns"
"P35555",-3.53356256111927,13,"down"
"P35579",2.3515909788533,15,"up"
"P35580",0.931267377614467,2,"up"
"P35606",0.70885360062851,4,"up"
"P35609",0.654903271073098,1,"up"
"P35749",-2.00528698507526,8,"down"
"P36578",0.861029589235562,2,"up"
"P36776",0.0484843352471605,1,"ns"
"P36871",0.621204515471501,1,"up"
"P36957",0.139136441866207,1,"ns"
"P37235",0.447607721415838,1,"ns"
"P37802",0.569132817213989,1,"up"
"P38606",0.43868778827974,2,"ns"
"P38646",0.964937050771749,2,"up"
"P38919",-0.331144303862202,1,"ns"
"P39023",0.350211427487283,4,"ns"
"P39059",-0.0221500586346671,1,"ns"
"P39060",-0.651726343601725,1,"down"
"P39656",0.627788280929718,1,"up"
"P39687",0.127542187720506,1,"ns"
"P40121",-0.99575316057175,1,"down"
"P40227",0.608927679691244,2,"up"
"P40429",0.978784167928286,1,"up"
"P40763",-0.205043933902114,2,"ns"
"P40925",0.760006739875015,2,"up"
"P41240",0.328933538164884,1,"ns"
"P41250",0.0663523434276316,2,"ns"
"P41252",-0.790979802256509,1,"down"
"P41594",0.682105613940685,1,"up"
"P42167",-0.282910652733373,1,"ns"
"P42224",0.7086330934148,2,"up"
"P42330",1.10446595489853,2,"up"
"P42356",0.354255474581816,1,"ns"
"P42704",0.135106717706889,1,"ns"
"P42765",-0.145516523343098,1,"ns"
"P42785",-0.216973092191967,2,"ns"
"P42892",0.206955398588166,1,"ns"
"P43034",0.611902879570885,1,"up"
"P43243",-1.69165098396137,1,"down"
"P43686",0.30107919761483,1,"ns"
"P45880",-0.204264194331893,1,"ns"
"P45974",0.108932517135538,2,"ns"
"P46063",-0.0667945143347306,1,"ns"
"P46459",0.36257708342034,1,"ns"
"P46777",-0.831375196271708,2,"down"
"P46779",1.76486243642459,1,"up"
"P46781",1.54688781835735,4,"up"
"P46782",0.260897991089984,2,"ns"
"P46939",-0.194593396403802,1,"ns"
"P46940",-0.382913475083524,4,"ns"
"P46977",1.54383400936012,2,"up"
"P47755",0.296256188807433,1,"ns"
"P48643",0.508417868418282,2,"up"
"P48735",0.360665434010239,2,"ns"
"P49207",0.287812710371581,1,"ns"
"P49257",2.34268427572416,2,"up"
"P49327",0.481992645314712,2,"ns"
"P49354",-0.125589793995933,1,"ns"
"P49368",0.586480184912002,1,"up"
"P49419",-0.414900626965259,2,"ns"
"P49427",0.359859764353066,1,"ns"
"P49588",-0.0725260798937867,1,"ns"
"P49591",-0.177094624667694,1,"ns"
"P49721",-0.0771337710436107,1,"ns"
"P49746",0.0538847843570318,1,"ns"
"P49747",1.98885039692842,5,"up"
"P49748",0.687264711619932,2,"up"
"P49821",0.0492287756524952,1,"ns"
"P49902",0.288225748651184,1,"ns"
"P50135",-0.390882925550497,1,"ns"
"P50238",0.704313976890315,1,"up"
"P50454",-0.213210683120903,2,"ns"
"P50570",0.262605685353638,1,"ns"
"P50914",-0.117388529702611,1,"ns"
"P50990",0.163679889410652,1,"ns"
"P50991",0.150488968446411,1,"ns"
"P50995",-0.26529363755567,1,"ns"
"P51148",-0.213284887936286,1,"ns"
"P51553",0.418465233301741,1,"ns"
"P51572",0.553978933431657,1,"up"
"P51649",0.757145585608542,2,"up"
"P51659",0.502247011813813,1,"up"
"P51884",-0.102100986490586,1,"ns"
"P51888",0.307856823022707,5,"ns"
"P51911",-0.0228018836525239,1,"ns"
"P51991",-0.532064764784939,1,"down"
"P52179",0.294040640393869,1,"ns"
"P52209",-0.170567082113539,3,"ns"
"P52272",0.671521073211912,2,"up"
"P52565",-0.793233239821122,3,"down"
"P52566",-0.357093797164806,1,"ns"
"P52594",0.369661119059777,1,"ns"
"P52788",0.6074602950249,1,"up"
"P52895",0.174188402992007,2,"ns"
"P52907",0.339112637332121,1,"ns"
"P53396",0.113975828902933,1,"ns"
"P53618",0.333663024213419,1,"ns"
"P54136",0.138036205950442,1,"ns"
"P54296",-0.23129466431261,1,"ns"
"P54619",0.0145241952893325,1,"ns"
"P54687",-0.0054694987908653,1,"ns"
"P54886",0.856240864573527,1,"up"
"P55001",0.153099434519322,1,"ns"
"P55072",0.278161952309934,1,"ns"
"P55735",0.289719885458066,1,"ns"
"P55769",-0.205408394462031,1,"ns"
"P55809",0.177324857435627,1,"ns"
"P55884",0.757039834020934,1,"up"
"P55899",-0.148616298589671,1,"ns"
"P56385",1.07085237732099,1,"up"
"P59666",0.681257784302915,1,"up"
"P59768",-0.164766753783411,1,"ns"
"P59998",0.571915265510985,2,"up"
"P60059",-0.914025939875587,1,"down"
"P60174",0.384853520217102,1,"ns"
"P60709",0.00293802090061385,3,"ns"
"P60866",-0.414918780417374,4,"ns"
"P60903",0.015782026445882,1,"ns"
"P61019",-0.734864767307755,1,"down"
"P61088",0.423537776803414,1,"ns"
"P61158",0.777396136086757,2,"up"
"P61160",1.18754893839014,2,"up"
"P61247",0.305431599370639,1,"ns"
"P61313",0.0262456653200981,1,"ns"
"P61353",0.554797148933397,1,"up"
"P61586",0.124551954007255,1,"ns"
"P61619",1.12757015273599,3,"up"
"P61981",0.513151794327403,2,"up"
"P62081",0.11657610441439,1,"ns"
"P62249",-1.30306671522318,1,"down"
"P62263",0.804494987114535,2,"up"
"P62269",0.444413097401499,1,"ns"
"P62280",0.33209135785893,1,"ns"
"P62314",0.470958442414727,1,"ns"
"P62333",0.271725138767475,1,"ns"
"P62424",1.19001412026896,2,"up"
"P62753",0.106390003074144,2,"ns"
"P62805",0.00332845639555834,2,"ns"
"P62826",-0.253075460243328,1,"ns"
"P62829",-0.93465841411913,1,"down"
"P62854",-2.62785106914003,2,"down"
"P62873",-0.242237212883585,2,"ns"
"P62879",0.0584404836913864,1,"ns"
"P62913",-0.136711794869865,2,"ns"
"P62917",0.52197347799614,1,"up"
"P62942",-1.4670547710221,1,"down"
"P63104",0.561060412781583,2,"up"
"P63208",0.204664801960629,1,"ns"
"P63218",0.0784285318872026,1,"ns"
"P63241",-0.508609712218306,1,"down"
"P63244",-1.02006141386152,2,"down"
"P67936",0.655306691727751,3,"up"
"P78382",-0.494214532240482,1,"ns"
"P78417",1.03852115689321,1,"up"
"P78527",2.6329348823458,4,"up"
"P78559",-0.279346885821982,1,"ns"
"P84077",0.111185406365389,1,"ns"
"P84085",-0.646372382703221,1,"down"
"P84090",-0.0448267853109368,1,"ns"
"P84098",0.375882673882931,2,"ns"
"P98082",0.647873980220301,2,"up"
"P98160",2.27009633488601,7,"up"
"Q00325",-0.000217157297943855,1,"ns"
"Q00341",-0.374351472563306,3,"ns"
"Q00610",1.92819350169656,7,"up"
"Q00765",0.140527172081145,1,"ns"
"Q00796",0.402200799037951,1,"ns"
"Q00839",0.89059832261666,2,"up"
"Q01082",-0.38617220457887,8,"ns"
"Q01518",-0.601177180336648,1,"down"
"Q01658",0.0251090726570638,1,"ns"
"Q02218",0.338456695639811,2,"ns"
"Q02543",-0.226489141211073,1,"ns"
"Q02790",-0.328815707997393,1,"ns"
"Q02878",0.156653032671376,1,"ns"
"Q02978",0.264207897397786,1,"ns"
"Q04760",0.0841972050566366,2,"ns"
"Q04837",-0.174421651801014,2,"ns"
"Q04941",1.10665369730899,1,"up"
"Q05707",-1.73149988421182,10,"down"
"Q06124",0.300957674160597,1,"ns"
"Q06278",-0.0591106627431299,1,"ns"
"Q06323",0.255897366410428,1,"ns"
"Q07020",-0.167084635642357,1,"ns"
"Q07065",-0.0895177995436425,1,"ns"
"Q07507",0.279202587632814,1,"ns"
"Q07666",-0.940544759696937,1,"down"
"Q07954",-0.570520531040953,6,"down"
"Q08257",-0.811905443575773,1,"down"
"Q08752",-0.49009000574931,1,"ns"
"Q08945",-0.653094604234893,1,"down"
"Q09666",0.596663048774319,1,"up"
"Q12768",-0.618103411773637,1,"down"
"Q12797",-0.641696667348241,1,"down"
"Q12904",-0.00615389829212138,1,"ns"
"Q12906",0.0433258900779574,1,"ns"
"Q12907",1.30839172230187,2,"up"
"Q13126",0.436027608266538,1,"ns"
"Q13148",0.554530813292004,1,"up"
"Q13228",-0.849763289524678,2,"down"
"Q13263",-0.0208587591890287,2,"ns"
"Q13310",0.414377912913687,1,"ns"
"Q13347",0.25036013181228,1,"ns"
"Q13418",-0.00694655648003446,1,"ns"
"Q13445",-0.704383587567865,1,"down"
"Q13492",0.100408343309886,1,"ns"
"Q13561",0.0970132300520875,1,"ns"
"Q13564",0.286076574985258,1,"ns"
"Q13576",-0.248530384131621,2,"ns"
"Q13618",0.401856039126136,1,"ns"
"Q13642",-0.583004215396304,1,"down"
"Q13724",0.334909205456302,1,"ns"
"Q13751",-0.16568112390381,1,"ns"
"Q13765",0.200913949591542,1,"ns"
"Q13813",0.700884120698298,5,"up"
"Q13838",0.496017590724407,1,"ns"
"Q14019",-0.662649041706638,1,"down"
"Q14103",0.13064177396093,1,"ns"
"Q14152",0.235487308078318,2,"ns"
"Q14195",-0.634133085695986,3,"down"
"Q14203",0.255077751929025,1,"ns"
"Q14204",-0.359902217303485,5,"ns"
"Q14258",0.474017255277538,1,"ns"
"Q14314",-1.14661650159252,1,"down"
"Q14315",-0.625774183150807,5,"down"
"Q14444",0.458730934116118,1,"ns"
"Q14624",0.283528670454442,1,"ns"
"Q14696",1.22811958900325,1,"up"
"Q14697",0.661499602542168,1,"up"
"Q14764",0.909037541319452,2,"up"
"Q14914",-0.292603914806236,1,"ns"
"Q14974",0.0638748022649164,1,"ns"
"Q15008",0.439675212119525,2,"ns"
"Q15080",0.082080086923677,1,"ns"
"Q15084",-0.185619122208524,2,"ns"
"Q15113",0.096415211851996,2,"ns"
"Q15149",2.36990299380036,17,"up"
"Q15181",-1.96642857948694,1,"down"
"Q15185",0.43197781196337,1,"ns"
"Q15233",-0.31490386136644,1,"ns"
"Q15293",0.788955926519291,1,"up"
"Q15363",0.42173522191117,1,"ns"
"Q15370",0.601636757180555,1,"up"
"Q15393",0.0916855497772802,1,"ns"
"Q15582",0.268927562243418,2,"ns"
"Q15637",0.79477287198987,1,"up"
"Q15642",-0.00911700888676909,1,"ns"
"Q15661",0.00489260074863713,1,"ns"
"Q15717",0.636904433351733,1,"up"
"Q15746",1.17895255023752,1,"up"
"Q15836",-0.0106852855541893,1,"ns"
"Q15907",0.194188039100757,1,"ns"
"Q16363",-0.364757025873922,1,"ns"
"Q16531",-0.674899193362005,2,"down"
"Q16543",-1.12925039164461,3,"down"
"Q16555",-0.755791088150054,4,"down"
"Q16629",0.521496159894264,1,"up"
"Q16666",1.85291587694227,2,"up"
"Q16678",0.602572596326006,1,"up"
"Q16698",-0.43345849652052,1,"ns"
"Q16822",-0.344372234306792,1,"ns"
"Q16851",1.15372690381671,3,"up"
"Q16891",-0.192171907255731,1,"ns"
"Q1KMD3",0.419227846141897,1,"ns"
"Q32P28",-0.148383065465079,1,"ns"
"Q53H12",0.0967231507158159,1,"ns"
"Q53TN4",0.253656391212634,1,"ns"
"Q5KU26",-0.275487341514381,1,"ns"
"Q5SSJ5",0.0338337530383735,2,"ns"
"Q5TCY1",0.106753213743035,1,"ns"
"Q5VST9",0.0953903452209373,1,"ns"
"Q5VTE0",0.694821336762274,2,"up"
"Q5VTT5",0.411205001495965,1,"ns"
"Q5VW38",0.325478617448554,1,"ns"
"Q687X5",0.262726220802955,1,"ns"
"Q6NUK1",-0.930996257470187,1,"down"
"Q6NZI2",0.335215040246103,1,"ns"
"Q6P1X6",-0.461578754582445,1,"ns"
"Q6UWH6",-0.324707060297423,1,"ns"
"Q6UXV4",0.576729025792745,1,"up"
"Q6ZMZ3",0.0954300295994852,2,"ns"
"Q6ZT62",0.40414930288348,1,"ns"
"Q6ZVM7",0.298969272338801,1,"ns"
"Q709C8",0.340541441922483,1,"ns"
"Q70UQ0",-0.523626067313134,2,"down"
"Q71DI3",-1.76613479214078,5,"down"
"Q7KZF4",0.42953703486067,2,"ns"
"Q7L1Q6",-0.925468268608439,1,"down"
"Q7L576",-0.309931694211755,1,"ns"
"Q7Z5R6",-0.0156293164006594,1,"ns"
"Q7Z6Z7",0.106981747299259,1,"ns"
"Q7Z7G0",-0.996415289400652,1,"down"
"Q7Z7H5",0.539205506000157,1,"up"
"Q86VB7",1.05884634129819,7,"up"
"Q86VP6",1.08435804579104,2,"up"
"Q86XH1",0.391970536798485,1,"ns"
"Q8IWA5",-0.414752647902064,1,"ns"
"Q8IZ83",0.209920145631422,1,"ns"
"Q8N183",-0.503530701296721,1,"down"
"Q8N386",0.465710636075738,1,"ns"
"Q8N392",0.747613672693141,1,"up"
"Q8N6H7",0.498768816652789,1,"ns"
"Q8NB12",-0.243703691579583,1,"ns"
"Q8NBJ5",0.527954397001359,4,"up"
"Q8NBJ7",-0.283869935967775,2,"ns"
"Q8NBS9",0.39440837219384,1,"ns"
"Q8NC56",0.370291910180292,1,"ns"
"Q8TAQ2",0.268728061984145,1,"ns"
"Q8TBQ9",0.452959797083308,1,"ns"
"Q8TCJ2",-0.430408750409561,1,"ns"
"Q8TCT8",0.0581836684644699,1,"ns"
"Q8TD55",-0.0482393693133149,2,"ns"
"Q8TED1",0.176389682285169,1,"ns"
"Q8TED4",-0.495979059104473,1,"ns"
"Q8WUM4",-0.219977847848061,2,"ns"
"Q8WZ42",3.00587423270672,39,"up"
"Q92485",1.90010381597234,1,"up"
"Q92504",-0.206685798694202,1,"ns"
"Q92616",0.258123237195045,1,"ns"
"Q92621",0.481533928440112,1,"ns"
"Q92734",-0.238794252711034,1,"ns"
"Q92783",0.287346157521232,1,"ns"
"Q92896",-0.502980416982309,6,"down"
"Q92930",0.945477504121254,1,"up"
"Q92954",-0.367836795214247,2,"ns"
"Q92959",-0.0523196911382787,1,"ns"
"Q92973",-0.111304440890568,1,"ns"
"Q93008",0.228754836608397,1,"ns"
"Q93034",0.692041317582543,1,"up"
"Q969E2",-0.47018634479048,1,"ns"
"Q969V3",-0.161322409995435,1,"ns"
"Q969Z3",0.398105393791665,1,"ns"
"Q96AC1",0.00348860936938296,1,"ns"
"Q96AX1",-0.496417621934439,1,"ns"
"Q96B49",0.125183910254418,2,"ns"
"Q96CW1",0.159923143411228,2,"ns"
"Q96FZ7",0.443920952071334,1,"ns"
"Q96G03",-0.0166056902519787,1,"ns"
"Q96GC9",-0.0969380234607785,1,"ns"
"Q96GE6",0.427523329940665,1,"ns"
"Q96HD1",0.10505158586067,1,"ns"
"Q96HH6",0.460262232774999,1,"ns"
"Q96I36",0.113418195834774,1,"ns"
"Q96I99",-0.282484259952661,1,"ns"
"Q96KG9",-0.0230304934712847,1,"ns"
"Q96KP4",-0.435277874305619,2,"ns"
"Q96LZ2",-2.35003678711691,1,"down"
"Q96RU3",0.600353885463196,1,"up"
"Q96TA1",0.509107472215109,2,"up"
"Q99467",0.533555006934333,1,"up"
"Q99536",0.814995056208615,1,"up"
"Q99613",0.417532160490192,2,"ns"
"Q99623",0.488248157736034,1,"ns"
"Q99715",0.896597354143033,2,"up"
"Q99808",-0.158305180608882,1,"ns"
"Q99832",0.206208498023166,1,"ns"
"Q99879",-0.368346396160541,1,"ns"
"Q9BPX5",0.234923312778226,1,"ns"
"Q9BQB6",0.342462578585639,1,"ns"
"Q9BQE5",0.689961669216078,2,"up"
"Q9BR76",0.628861492977954,1,"up"
"Q9BRX8",0.20948735772162,1,"ns"
"Q9BS26",0.564552110834068,2,"up"
"Q9BSJ8",0.0657035779777135,2,"ns"
"Q9BT78",0.283787613534339,1,"ns"
"Q9BVC6",1.43912653467472,2,"up"
"Q9BVK6",-1.0466440297761,1,"down"
"Q9BXJ8",0.171798954847887,1,"ns"
"Q9BXN1",0.422746570564528,1,"ns"
"Q9BXS5",0.726117385648702,2,"up"
"Q9BY50",0.500478876234345,1,"up"
"Q9BZZ2",0.195696657145046,1,"ns"
"Q9H0D6",0.184991697138141,1,"ns"
"Q9H1C4",-0.727053947630935,1,"down"
"Q9H1E3",0.812355547810338,2,"up"
"Q9H223",-0.515565407690702,2,"down"
"Q9H269",0.366237323430953,1,"ns"
"Q9H299",0.181805693428342,2,"ns"
"Q9H4G4",0.436848462271097,1,"ns"
"Q9H4M9",0.360603395082335,1,"ns"
"Q9H8H3",-0.0640651173742995,1,"ns"
"Q9H9B4",0.414682660280787,1,"ns"
"Q9HBL0",-0.271715323643848,2,"ns"
"Q9HD45",0.344664626579503,2,"ns"
"Q9NNW7",-0.00956978774117887,1,"ns"
"Q9NPA8",-0.106082375626151,1,"ns"
"Q9NQ79",0.838639827600581,2,"up"
"Q9NR45",-0.0297628917788338,1,"ns"
"Q9NRI5",0.677494892975309,1,"up"
"Q9NRX4",0.932872115001211,1,"up"
"Q9NTJ5",0.286040214522515,1,"ns"
"Q9NTK5",0.0414290505694625,1,"ns"
"Q9NUU6",0.326016752701273,1,"ns"
"Q9NUU7",0.307899740752404,1,"ns"
"Q9NVJ2",-0.246279370987538,1,"ns"
"Q9NVS9",0.917858237519951,1,"up"
"Q9NWV4",0.0566523211639199,1,"ns"
"Q9NX62",0.0897992186568267,1,"ns"
"Q9NYF8",0.885721655716203,1,"up"
"Q9NYP7",0.578807830364908,1,"up"
"Q9NYU2",0.790810928454393,1,"up"
"Q9NZ08",0.0759568915596943,1,"ns"
"Q9NZM1",1.27216891924937,1,"up"
"Q9NZN4",-0.494915821968618,1,"ns"
"Q9NZU5",-0.0773390731812073,1,"ns"
"Q9P016",0.583171652874898,1,"up"
"Q9P253",0.422056164067989,1,"ns"
"Q9P2B2",-0.50464390025858,1,"down"
"Q9P2E9",0.0204971264261294,3,"ns"
"Q9P2J5",0.313202041438437,1,"ns"
"Q9P2R7",1.54619625329387,2,"up"
"Q9UBG0",0.292376897726417,3,"ns"
"Q9UBQ0",-0.718056214098744,1,"down"
"Q9UBS4",-0.162396544654477,1,"ns"
"Q9UEY8",-0.0418614540259317,1,"ns"
"Q9UGT4",-0.851651946692447,1,"down"
"Q9UHD8",-0.15103629687267,1,"ns"
"Q9UHL4",0.322629111780308,1,"ns"
"Q9UHQ9",0.459165353326557,1,"ns"
"Q9UI09",-0.189766150242057,1,"ns"
"Q9UK45",0.112401266724337,1,"ns"
"Q9UKM9",-0.121932513128249,1,"ns"
"Q9UKR5",0.465907349223754,1,"ns"
"Q9UKX2",0.380759546353917,3,"ns"
"Q9UL25",-0.628012436069351,1,"down"
"Q9UL46",0.396354934497795,1,"ns"
"Q9ULA0",-0.0726901236217846,1,"ns"
"Q9ULV4",0.0179913864214809,1,"ns"
"Q9UM00",0.654423530668701,1,"up"
"Q9UM54",0.105393072495526,1,"ns"
"Q9UNH7",2.07393208637066,1,"up"
"Q9UNL2",0.258310015458691,2,"ns"
"Q9UNX3",0.358647688889942,1,"ns"
"Q9UNZ2",0.526465849883002,1,"up"
"Q9UPC5",-0.0302427375205404,1,"ns"
"Q9Y224",-0.0397680480422789,1,"ns"
"Q9Y230",-0.125032558298464,1,"ns"
"Q9Y262",0.322636419369385,1,"ns"
"Q9Y266",0.318146741870069,2,"ns"
"Q9Y279",0.239584187471995,1,"ns"
"Q9Y2A7",0.229345382518804,1,"ns"
"Q9Y2D4",0.435662222366034,1,"ns"
"Q9Y2J2",0.160153167951009,1,"ns"
"Q9Y2J8",-0.414016555669187,5,"ns"
"Q9Y3A5",0.0741572117483854,1,"ns"
"Q9Y3Z3",0.0822043136932354,2,"ns"
"Q9Y490",-0.976611507893906,5,"down"
"Q9Y4G6",0.312250883162726,1,"ns"
"Q9Y4L1",-0.979964297723131,1,"down"
"Q9Y5K8",0.493672630444579,1,"ns"
"Q9Y678",0.0635029163957775,2,"ns"
"Q9Y696",0.204107655507945,1,"ns"
"Q9Y6C2",0.309090724169414,1,"ns"
"Q9Y6E0",0.173882009374111,1,"ns"
"Q9Y6E2",-0.577534044856537,1,"down"
"Q9Y6I3",-0.413622708862716,1,"ns"
"Q9Y6K5",0.642431527944339,1,"up"
"Q9Y6R7",0.353108813725571,1,"ns"
"Q9Y6X1",0.323662433038238,1,"ns"
